[
{"title": "Python\u5de5\u7a0b\u5e08", "company": "\u82cf\u5dde\u95fb\u9053\u7f51\u7edc\u79d1\u6280\u80a1\u4efd\u6709\u9650\u516c\u53f8", "addr": "\u82cf\u5dde-\u5de5\u4e1a\u56ed\u533a"},
{"title": "Python\u9ad8\u7ea7\u5f00\u53d1\u5e08", "company": "\u4e0a\u6d77\u4f17\u8a00\u7f51\u7edc\u79d1\u6280\u6709\u9650\u516c\u53f8", "addr": "\u82cf\u5dde"},
{"title": "python\u7f16\u7a0b\u8001\u5e08", "company": "\u4e0a\u6d77\u50b2\u68a6\u7f51\u7edc\u79d1\u6280\u6709\u9650\u516c\u53f8", "addr": "\u5f02\u5730\u62db\u8058"},
{"title": "python/lua\u5f00\u53d1\u5de5\u7a0b\u5e08", "company": "\u540c\u7a0b\u827a\u9f99", "addr": "\u82cf\u5dde"},
{"title": "Python\u5f00\u53d1\u5de5\u7a0b\u5e08", "company": "\u82cf\u5dde\u6570\u8a00\u4fe1\u606f\u6280\u672f\u6709\u9650\u516c\u53f8", "addr": "\u82cf\u5dde-\u76f8\u57ce\u533a"},
{"title": "python\u5f00\u53d1", "company": "\u82cf\u5dde\u4e91\u5764\u4fe1\u606f\u79d1\u6280\u6709\u9650\u516c\u53f8", "addr": "\u82cf\u5dde"},
{"title": "Python\u5f00\u53d1\u5de5\u7a0b\u5e08", "company": "\u82cf\u5dde\u5149\u683c\u8bbe\u5907\u6709\u9650\u516c\u53f8", "addr": "\u82cf\u5dde"},
{"title": "Python\u5f00\u53d1\u5de5\u7a0b\u5e08", "company": "\u4e0a\u6d77\u76ca\u9ea6\u7535\u78c1\u6280\u672f\u6709\u9650\u516c\u53f8\u6606\u5c71\u5206\u516c\u53f8", "addr": "\u5f02\u5730\u62db\u8058"},
{"title": "\u9ad8\u7ea7Python\u8f6f\u4ef6\u5de5\u7a0b\u5e08", "company": "\u82cf\u5dde\u9510\u8baf\u751f\u7269\u79d1\u6280\u6709\u9650\u516c\u53f8", "addr": "\u82cf\u5dde-\u5de5\u4e1a\u56ed\u533a"},
{"title": "\u6d4b\u8bd5\u5de5\u7a0b\u5e08\uff08\u82cf\u5dde\uff09", "company": "\u82cf\u5dde\u666e\u6e90\u7cbe\u7535\u79d1\u6280\u6709\u9650\u516c\u53f8", "addr": "\u82cf\u5dde"},
{"title": "\u81ea\u52a8\u5316\u8f6f\u4ef6\u5de5\u7a0b\u5e08", "company": "\u82cf\u5dde\u956d\u7f18\u6fc0\u5149\u79d1\u6280\u6709\u9650\u516c\u53f8", "addr": "\u82cf\u5dde-\u5de5\u4e1a\u56ed\u533a"},
{"title": "\u7269\u8054\u7f51\u5de5\u7a0b\u5e08(\u6025\u8058)", "company": "\u82cf\u5dde\u82f1\u8fbe\u745e\u79d1\u6280\u6709\u9650\u516c\u53f8", "addr": "\u82cf\u5dde-\u5de5\u4e1a\u56ed\u533a"},
{"title": "2019\u5c4a\u5b9e\u4e60\u751f\uff08\u5de5\u7a0b/\u7814\u53d1/IT)", "company": "\u82cf\u5dde\u901a\u5bcc\u8d85\u5a01\u534a\u5bfc\u4f53\u6709\u9650\u516c\u53f8", "addr": "\u82cf\u5dde"},
{"title": "\u8f6f\u4ef6\u6d4b\u8bd5\u5de5\u7a0b\u5e08", "company": "\u82cf\u5dde\u8dec\u6b65\u4fe1\u606f\u6280\u672f\u6709\u9650\u516c\u53f8", "addr": "\u82cf\u5dde-\u5de5\u4e1a\u56ed\u533a"},
{"title": "\u7269\u8054\u7f51\u5de5\u7a0b\u5e08", "company": "\u82cf\u5dde\u638c\u67dc\u8f6f\u4ef6\u80a1\u4efd\u6709\u9650\u516c\u53f8", "addr": "\u82cf\u5dde"},
{"title": "Python\u5f00\u53d1\u5de5\u7a0b\u5e08", "company": "\u82cf\u5dde\u68a6\u5609\u4f20\u5a92\u6709\u9650\u516c\u53f8", "addr": "\u82cf\u5dde-\u5de5\u4e1a\u56ed\u533a"},
{"title": "Python\u5f00\u53d1\u5de5\u7a0b\u5e08", "company": "\u82cf\u5dde\u6d3e\u7ef4\u65af\u4fe1\u606f\u79d1\u6280\u6709\u9650\u516c\u53f8", "addr": "\u82cf\u5dde-\u9ad8\u65b0\u533a"},
{"title": "python \u7b97\u6cd5\u5de5\u7a0b\u5e08\uff088k-10k\uff09", "company": "\u82cf\u5dde\u82f1\u666e\u601d\u8f6f\u4ef6\u6709\u9650\u516c\u53f8", "addr": "\u82cf\u5dde-\u5434\u6c5f\u533a"},
{"title": "\u6570\u636e\u5206\u6790\u5e08\uff08python,\u6570\u636e\u5e93\uff09", "company": "\u82cf\u5dde\u667a\u4f18\u4f2f\u8baf\u4fe1\u606f\u79d1\u6280\u6709\u9650\u516c\u53f8", "addr": "\u82cf\u5dde"},
{"title": "\u4e2d\u7ea7python\u8f6f\u4ef6\u5de5\u7a0b\u5e08", "company": "\u82cf\u5dde\u667a\u6cf0\u817e\u8fea\u4fe1\u606f\u79d1\u6280\u6709\u9650\u516c\u53f8", "addr": "\u82cf\u5dde"},
{"title": "\u94f6\u884cSAS/R/PYTHON\u6570\u636e\u5206\u6790\u6316\u6398\u5efa\u6a21\u5c97", "company": "\u6df1\u5733\u5e02\u957f\u4eae\u79d1\u6280\u80a1\u4efd\u6709\u9650\u516c\u53f8", "addr": "\u82cf\u5dde"},
{"title": "Python\u5f00\u53d1\u5de5\u7a0b\u5e08", "company": "\u82cf\u5dde\u73a9\u53cb\u65f6\u4ee3\u79d1\u6280\u80a1\u4efd\u6709\u9650\u516c\u53f8", "addr": "\u82cf\u5dde-\u5de5\u4e1a\u56ed\u533a"},
{"title": "Python\u5f00\u53d1\u5de5\u7a0b\u5e08", "company": "\u82cf\u5dde\u5de5\u4e1a\u56ed\u533a\u6d4b\u7ed8\u5730\u7406\u4fe1\u606f\u6709\u9650\u516c\u53f8", "addr": "\u82cf\u5dde-\u5de5\u4e1a\u56ed\u533a"},
{"title": "\u8f6f\u4ef6\u5f00\u53d1\u5de5\u7a0b\u5e08", "company": "\u5f15\u5148\u81ea\u52a8\u5316\u79d1\u6280\uff08\u82cf\u5dde\uff09\u6709\u9650\u516c\u53f8", "addr": "\u82cf\u5dde"},
{"title": "\u8d44\u6df1\u8f6f\u4ef6\u6d4b\u8bd5\u5de5\u7a0b\u5e08", "company": "\u82cf\u5dde\u534e\u5174\u6e90\u521b\u79d1\u6280\u80a1\u4efd\u6709\u9650\u516c\u53f8", "addr": "\u82cf\u5dde"},
{"title": "\u9ad8\u7ea7\u6570\u5b57IC\u8bbe\u8ba1\u5de5\u7a0b\u5e08(PMIC\u65b9\u5411)(J10515)", "company": "\u5c55\u8baf\u901a\u4fe1\uff08\u4e0a\u6d77\uff09\u6709\u9650\u516c\u53f8", "addr": "\u82cf\u5dde-\u5de5\u4e1a\u56ed\u533a"},
{"title": "\u9ad8\u7ea7\u6570\u5b57IC\u8bbe\u8ba1\u5de5\u7a0b\u5e081142", "company": "\u82cf\u5dde\u5146\u82af\u534a\u5bfc\u4f53\u79d1\u6280\u6709\u9650\u516c\u53f8", "addr": "\u82cf\u5dde-\u5de5\u4e1a\u56ed\u533a"},
{"title": "\u8f6f\u4ef6\u5de5\u7a0b\u5e08\uff08C++\uff09", "company": "\u82cf\u5dde\u6d69\u8fb0\u8f6f\u4ef6\u80a1\u4efd\u6709\u9650\u516c\u53f8", "addr": "\u82cf\u5dde-\u5de5\u4e1a\u56ed\u533a"},
{"title": "\u89e3\u51b3\u65b9\u6848\u7ecf\u7406", "company": "\u67d0\u672c\u5730\u77e5\u540dIT\u4f01\u4e1a", "addr": "\u82cf\u5dde-\u9ad8\u65b0\u533a"},
{"title": "\u81ea\u52a8\u5316\u6d4b\u8bd5\u67b6\u6784\u5e08", "company": "\u6c5f\u82cf\u98ce\u4e91\u79d1\u6280\u670d\u52a1\u6709\u9650\u516c\u53f8", "addr": "\u82cf\u5dde"},
{"title": "\u4fe1\u606f\u5b89\u5168\u5de5\u7a0b\u5e08", "company": "\u82cf\u5dde\u5e7f\u8fbe\u79d1\u6280\u6709\u9650\u516c\u53f8", "addr": "\u82cf\u5dde-\u5de5\u4e1a\u56ed\u533a"},
{"title": "Python\u5f00\u53d1\u5de5\u7a0b\u5e08", "company": "\u82cf\u5dde\u82f1\u701a\u65f6\u4fe1\u606f\u79d1\u6280\u6709\u9650\u516c\u53f8", "addr": "\u82cf\u5dde-\u5de5\u4e1a\u56ed\u533a"},
{"title": "Python\u5f00\u53d1\u5de5\u7a0b\u5e08", "company": "\u56fe\u739b\u6df1\u7ef4\u533b\u7597\u79d1\u6280\uff08\u5317\u4eac\uff09\u6709\u9650\u516c\u53f8", "addr": "\u82cf\u5dde-\u5de5\u4e1a\u56ed\u533a"},
{"title": "Python\u5f00\u53d1\u5de5\u7a0b\u5e08", "company": "\u82cf\u5dde\u6a58\u5b50\u7f51\u7edc\u79d1\u6280\u80a1\u4efd\u6709\u9650\u516c\u53f8", "addr": "\u82cf\u5dde"},
{"title": "python\u5de5\u7a0b\u5e08", "company": "\u82cf\u5dde\u6a61\u6728\u76fe\u4fe1\u606f\u79d1\u6280\u6709\u9650\u516c\u53f8", "addr": "\u82cf\u5dde-\u9ad8\u65b0\u533a"},
{"title": "Python\u5f00\u53d1\u5de5\u7a0b\u5e08", "company": "\u82cf\u5dde\u4e91\u610f\u5929\u4e0b\u7f51\u7edc\u79d1\u6280\u6709\u9650\u516c\u53f8", "addr": "\u5f02\u5730\u62db\u8058"},
{"title": "Python\u5f00\u53d1\u5de5\u7a0b\u5e08", "company": "\u82cf\u5dde\u78a7\u683c\u7f51\u7edc\u79d1\u6280\u6709\u9650\u516c\u53f8", "addr": "\u82cf\u5dde"},
{"title": "Python\u9ad8\u7ea7\u5f00\u53d1\u5de5\u7a0b\u5e08", "company": "\u82cf\u5dde\u96ea\u677e\u6e7e\u6559\u80b2\u79d1\u6280\u6709\u9650\u516c\u53f8", "addr": "\u82cf\u5dde-\u5de5\u4e1a\u56ed\u533a"},
{"title": "\u722c\u866b\u5de5\u7a0b\u5e08/python\u5de5\u7a0b\u5e08", "company": "\u5317\u4eac\u79d1\u7406\u96c6\u521b\u79d1\u6280\u6709\u9650\u516c\u53f8", "addr": "\u82cf\u5dde"},
{"title": "\u751f\u7269\u4fe1\u606f\u5b66\u5206\u6790\u5458", "company": "\u6c5f\u82cf\u4e3a\u771f\u751f\u7269\u533b\u836f\u6280\u672f\u80a1\u4efd\u6709\u9650\u516c\u53f8", "addr": "\u82cf\u5dde"},
{"title": "\u7b97\u6cd5\u5de5\u7a0b\u5e08\uff08\u82cf\u5dde\uff09", "company": "\u540c\u7a0b\u7f51\u7edc\u79d1\u6280\u80a1\u4efd\u6709\u9650\u516c\u53f8", "addr": "\u82cf\u5dde"},
{"title": "\u5b9e\u9a8c\u5ba4\u6d4b\u8bd5\u5de5\u7a0b\u5e08", "company": "\u82cf\u5dde\u4e9a\u592a\u91d1\u5c5e\u6709\u9650\u516c\u53f8", "addr": "\u82cf\u5dde-\u76f8\u57ce\u533a"},
{"title": "\u6d4b\u8bd5\u5de5\u7a0b\u5e08 (Sr.) Test Engineer", "company": "\u82f1\u601d\u7279\u79d1\u6280\u54a8\u8be2\uff08\u6df1\u5733\uff09\u6709\u9650\u516c\u53f8", "addr": "\u82cf\u5dde-\u5de5\u4e1a\u56ed\u533a"},
{"title": "\u9ad8\u7ea7BI\u5de5\u7a0b\u5e08", "company": "\u4e0a\u6d77\u67ef\u6797\u5e03\u745e\u4fe1\u606f\u6280\u672f\u6709\u9650\u516c\u53f8", "addr": "\u5f02\u5730\u62db\u8058"},
{"title": "\u9ad8\u7ea7\u6d4b\u8bd5\u5de5\u7a0b\u5e08", "company": "\u667a\u6167\u82bd\u4fe1\u606f\u79d1\u6280\uff08\u82cf\u5dde\uff09\u6709\u9650\u516c\u53f8", "addr": "\u82cf\u5dde-\u5de5\u4e1a\u56ed\u533a"},
{"title": "Python\u5f00\u53d1\u5de5\u7a0b\u5e08", "company": "\u6c5f\u82cf\u767e\u8fbe\u667a\u6167\u7f51\u7edc\u79d1\u6280\u6709\u9650\u516c\u53f8", "addr": "\u82cf\u5dde"},
{"title": "Python Web\u8bb2\u5e08", "company": "\u82cf\u5dde\u9ad8\u535a\u5e94\u8bfa\u4fe1\u606f\u79d1\u6280\u6709\u9650\u516c\u53f8", "addr": "\u82cf\u5dde"},
{"title": "Python\u5f00\u53d1\u5de5\u7a0b\u5e08", "company": "\u82cf\u5dde\u4e91\u878d\u4fe1\u606f\u6280\u672f\u6709\u9650\u516c\u53f8", "addr": "\u82cf\u5dde"},
{"title": "\u9ad8\u7ea7python\uff08\u722c\u866b\uff09\u5de5\u7a0b\u5e08", "company": "\u82cf\u5dde\u7d2b\u8c79\u79d1\u6280\u6709\u9650\u516c\u53f8", "addr": "\u82cf\u5dde-\u5de5\u4e1a\u56ed\u533a"},
{"title": "\u4fe1\u606f\u6280\u672f\u5de5\u7a0b\u5e08IT Engineer", "company": "\u5eb7\u4ee3\u5f71\u50cf\u79d1\u6280\uff08\u82cf\u5dde\uff09\u6709\u9650\u516c\u53f8", "addr": "\u82cf\u5dde-\u5de5\u4e1a\u56ed\u533a"},
{"title": "\u8f6f\u4ef6\u6d4b\u8bd5", "company": "\u4e2d\u79fb\uff08\u82cf\u5dde\uff09\u8f6f\u4ef6\u6280\u672f\u6709\u9650\u516c\u53f8", "addr": "\u82cf\u5dde"},
{"title": "\u8fd0\u7ef4\u5de5\u7a0b\u5e08", "company": "\u82cf\u5dde\u84dd\u6d77\u5f64\u7fd4\u7cfb\u7edf\u79d1\u6280\u6709\u9650\u516c\u53f8", "addr": "\u82cf\u5dde-\u9ad8\u65b0\u533a"},
{"title": "\u8f6f\u4ef6\u5de5\u7a0b\u5e08", "company": "\u82cf\u5dde\u5fb7\u7acb\u57fa\u7535\u5b50\u79d1\u6280\u6709\u9650\u516c\u53f8", "addr": "\u82cf\u5dde-\u5434\u4e2d\u533a"},
{"title": "\u91d1\u878d\u6570\u636e\u5206\u6790\u5e08", "company": "\u82cf\u5dde\u76c8\u5929\u5730\u8d44\u8baf\u79d1\u6280\u6709\u9650\u516c\u53f8", "addr": "\u82cf\u5dde-\u9ad8\u65b0\u533a"},
{"title": "\u89c6\u89c9\u7b97\u6cd5\u5de5\u7a0b\u5e08", "company": "\u82cf\u5dde\u665f\u6210\u5149\u4f0f\u8bbe\u5907\u6709\u9650\u516c\u53f8", "addr": "\u82cf\u5dde-\u9ad8\u65b0\u533a"},
{"title": "\u670d\u52a1\u7aef\u8f6f\u4ef6\u5f00\u53d1\u5de5\u7a0b\u5e08", "company": "\u5929\u6f14\u836f\u4e1a\uff08\u82cf\u5dde\uff09\u6709\u9650\u516c\u53f8", "addr": "\u82cf\u5dde"},
{"title": "GO/Java\u5f00\u53d1\u5de5\u7a0b\u5e08", "company": "\u6c5f\u82cf\u8010\u601d\u6377\u667a\u6167\u4fe1\u606f\u670d\u52a1\u6709\u9650\u516c\u53f8", "addr": "\u82cf\u5dde-\u5de5\u4e1a\u56ed\u533a"},
{"title": "\u7f51\u7ba1\u5de5\u7a0b\u5e08\uff08\u4e00\u5468\u53cc\u4f11\u3001\u4e94\u9669\u4e00\u91d1\uff09", "company": "\u82cf\u5dde\u5353\u80fd\u901a\u4fe1\u79d1\u6280\u6709\u9650\u516c\u53f8", "addr": "\u82cf\u5dde"},
{"title": "(CT)Applied Research for Industrial Data Analytics & Artificial Intelligence (Suzhou)\uff0881000\uff09", "company": "\u897f\u95e8\u5b50\uff08\u4e2d\u56fd\uff09\u6709\u9650\u516c\u53f8 \u897f\u95e8\u5b50\u4e2d...", "addr": "\u82cf\u5dde"},
{"title": "Senior Firmware Engineer", "company": "\u7f24\u7279\u529b\u901a\u8baf\u79d1\u6280(\u82cf\u5dde)\u6709\u9650\u516c\u53f8", "addr": "\u82cf\u5dde"},
{"title": "\u6d4b\u8bd5\u5de5\u7a0b\u5e08", "company": "\u82cf\u5dde\u667a\u6167\u6570\u6790\u4fe1\u606f\u79d1\u6280\u6709\u9650\u516c\u53f8", "addr": "\u82cf\u5dde-\u5de5\u4e1a\u56ed\u533a"},
{"title": "\u5b89\u5168\u7cfb\u7edf\u5f00\u53d1\u5de5\u7a0b\u5e08", "company": "\u5c71\u77f3\u7f51\u79d1\u901a\u4fe1\u6280\u672f\u6709\u9650\u516c\u53f8", "addr": "\u82cf\u5dde"},
{"title": "\u751f\u7269\u4fe1\u606f\u5de5\u7a0b\u5e08", "company": "\u82cf\u5dde\u79d1\u8d1d\u751f\u7269\u6280\u672f\u6709\u9650\u516c\u53f8", "addr": "\u82cf\u5dde-\u5de5\u4e1a\u56ed\u533a"},
{"title": "c++\u6e38\u620f\u670d\u52a1\u5668\u5f00\u53d1\u5de5\u7a0b\u5e08", "company": "\u4e0a\u6d77\u7075\u5203\u7f51\u7edc\u79d1\u6280\u6709\u9650\u516c\u53f8", "addr": "\u5f02\u5730\u62db\u8058"},
{"title": "Java\u9ad8\u7ea7\u5de5\u7a0b\u5e08", "company": "\u82cf\u5dde\u5c24\u529b\u7f8e\u5ba2\u4fe1\u606f\u6280\u672f\u6709\u9650\u516c\u53f8", "addr": "\u82cf\u5dde-\u5de5\u4e1a\u56ed\u533a"},
{"title": "\u4e2d\u7ea7\u5fae\u4fe1\u5c0f\u7a0b\u5e8f\u5f00\u53d1\u5de5\u7a0b\u5e08\uff08\u53cc\u4f11+\u4e94\u9669\u4e00\u91d1+\u9ad8\u85aa\u916c\uff09", "company": "\u82cf\u5dde\u7a7a\u8c37\u7f51\u7edc\u79d1\u6280\u6709\u9650\u516c\u53f8", "addr": "\u82cf\u5dde"},
{"title": "\u9ad8\u7ea7\u5de5\u7a0b\u5e08", "company": "\u82cf\u5dde\u5de5\u4e1a\u56ed\u533a\u660e\u626c\u5f69\u8272\u5305\u88c5\u5370\u5237\u6709\u9650...", "addr": "\u82cf\u5dde-\u5de5\u4e1a\u56ed\u533a"},
{"title": "web\u5f00\u53d1\u5de5\u7a0b\u5e08\uff08\u82cf\u5dde\uff09", "company": "\u6d59\u6c5f\u4ebf\u90a6\u901a\u4fe1\u79d1\u6280\u6709\u9650\u516c\u53f8", "addr": "\u82cf\u5dde-\u5de5\u4e1a\u56ed\u533a"},
{"title": "\u8f6f\u4ef6\u5de5\u7a0b\u5e08", "company": "\u82cf\u5dde\u5e02\u7cbe\u521b\u6d4b\u63a7\u6280\u672f\u6709\u9650\u516c\u53f8", "addr": "\u82cf\u5dde-\u5de5\u4e1a\u56ed\u533a"},
{"title": "Linux\u8fd0\u7ef4\u5de5\u7a0b\u5e08", "company": "\u90d1\u5dde\u4e09\u53cb\u8f6f\u4ef6\u79d1\u6280\u6709\u9650\u516c\u53f8", "addr": "\u82cf\u5dde"},
{"title": "\u6d4b\u8bd5\u7ecf\u7406", "company": "\u4e0a\u6d77\u7269\u666f\u667a\u80fd\u79d1\u6280\u6709\u9650\u516c\u53f8", "addr": "\u5f02\u5730\u62db\u8058"},
{"title": "LIMS\u7cfb\u7edf\u5de5\u7a0b\u5e08", "company": "\u51ef\u6770\uff08\u82cf\u5dde\uff09\u8f6c\u5316\u533b\u5b66\u7814\u7a76\u6709\u9650\u516c\u53f8", "addr": "\u82cf\u5dde-\u5de5\u4e1a\u56ed\u533a"},
{"title": "\u5d4c\u5165\u5f0f\u8f6f\u4ef6\u5f00\u53d1\u5de5\u7a0b\u5e08\uff08\u84dd\u7259\uff09", "company": "\u4e50\u946b\u4fe1\u606f\u79d1\u6280\uff08\u4e0a\u6d77\uff09\u6709\u9650\u516c\u53f8", "addr": "\u82cf\u5dde-\u5de5\u4e1a\u56ed\u533a"},
{"title": "\u8fd0\u7ef4\u5de5\u7a0b\u5e08", "company": "\u82cf\u5dde\u5e02\u90a3\u7f8e\u7f51\u7edc\u79d1\u6280\u6709\u9650\u516c\u53f8", "addr": "\u82cf\u5dde"},
{"title": "Web\u7814\u53d1\u7ecf\u7406", "company": "\u6d59\u6c5f\u5b9c\u8446\u751f\u7269\u79d1\u6280\u6709\u9650\u516c\u53f8", "addr": "\u82cf\u5dde-\u5de5\u4e1a\u56ed\u533a"},
{"title": "\u4e2d\u9ad8\u7ea7\u6d4b\u8bd5\u5de5\u7a0b\u5e08", "company": "\u6d59\u6c5f\u70b9\u6211\u8fbe\u7f51\u7edc\u79d1\u6280\u6709\u9650\u516c\u53f8", "addr": "\u5f02\u5730\u62db\u8058"},
{"title": "\u5168\u6808\u5de5\u7a0b\u5e08", "company": "\u82cf\u5dde\u7f8e\u5e74\u534e\u9910\u996e\u670d\u52a1\u6709\u9650\u516c\u53f8", "addr": "\u82cf\u5dde-\u5434\u4e2d\u533a"},
{"title": "\u6570\u636e\u5206\u6790\u5e08\uff08\u4e9a\u9a6c\u900a\uff09", "company": "\u82cf\u5dde\u540c\u821f\u7535\u5b50\u5546\u52a1\u6709\u9650\u516c\u53f8", "addr": "\u82cf\u5dde-\u5de5\u4e1a\u56ed\u533a"},
{"title": "\u8f6f\u4ef6\u5de5\u7a0b\u5e08\uff08Web \u524d\u7aef\u65b9\u5411\uff09", "company": "\u82cf\u5dde\u79d1\u53ef\u745e\u5c14\u822a\u7a7a\u6280\u672f\u6709\u9650\u516c\u53f8", "addr": "\u82cf\u5dde"},
{"title": "Java\u5f00\u53d1\u5de5\u7a0b\u5e08", "company": "\u4e1c\u534e\u8f6f\u4ef6\u80a1\u4efd\u516c\u53f8", "addr": "\u82cf\u5dde"},
{"title": "Senior Test Developer", "company": "\u7532\u9aa8\u6587\uff08\u4e2d\u56fd\uff09\u8f6f\u4ef6\u7cfb\u7edf\u6709\u9650\u516c\u53f8", "addr": "\u82cf\u5dde-\u5de5\u4e1a\u56ed\u533a"},
{"title": "Sr. QA \u9ad8\u7ea7\u6d4b\u8bd5\u5de5\u7a0b\u5e08  \uff08\u5de5\u4f5c\u5730\u70b9\uff1a\u4e0a\u6d77\uff09", "company": "\u82b1\u65d7\u91d1\u878d\u4fe1\u606f\u670d\u52a1\uff08\u4e2d\u56fd\uff09\u6709\u9650\u516c\u53f8...", "addr": "\u5f02\u5730\u62db\u8058"},
{"title": "\u52a9\u7406\u8f6f\u4ef6\u5de5\u7a0b\u5e08\uff08\u82cf\u5dde\uff09", "company": "\u5317\u4eac\u5b87\u4fe1\u79d1\u6280\u96c6\u56e2\u80a1\u4efd\u6709\u9650\u516c\u53f8", "addr": "\u82cf\u5dde"},
{"title": "\u524d\u7aef\u5de5\u7a0b\u5e08", "company": "\u5fb7\u6c83\u7f8e\u5b66\u96c6\u56e2", "addr": "\u5f02\u5730\u62db\u8058"},
{"title": "\u7b97\u6cd5\u5de5\u7a0b\u5e08", "company": "\u82cf\u5dde\u9038\u7f8e\u5fb7\u79d1\u6280\u6709\u9650\u516c\u53f8", "addr": "\u82cf\u5dde"},
{"title": "\u8fd0\u7ef4\u5de5\u7a0b\u5e08", "company": "\u4e0a\u6d77\u4fe1\u8f89\u79d1\u6280\u6709\u9650\u516c\u53f8", "addr": "\u5f02\u5730\u62db\u8058"},
{"title": "\u7cfb\u7edf\u8fd0\u7ef4\u5de5\u7a0b\u5e08", "company": "\u82cf\u5dde\u6613\u5356\u4e1c\u897f\u4fe1\u606f\u6280\u672f\u6709\u9650\u516c\u53f8", "addr": "\u82cf\u5dde-\u5de5\u4e1a\u56ed\u533a"},
{"title": "\u8f6f\u4ef6\u5de5\u7a0b\u5e08", "company": "\u8d35\u5dde\u82af\u957f\u5f81\u79d1\u6280\u6709\u9650\u516c\u53f8", "addr": "\u5f02\u5730\u62db\u8058"},
{"title": "\u4e91\u670d\u52a1\u5e73\u53f0\u8d1f\u8d23\u4eba", "company": "\u82cf\u5dde\u9a70\u58f0\u4fe1\u606f\u79d1\u6280\u6709\u9650\u516c\u53f8", "addr": "\u82cf\u5dde"},
{"title": "TA\uff08\u6280\u672f\u7f8e\u672f\uff09", "company": "\u82cf\u5dde\u5de5\u4e1a\u56ed\u533a\u4e50\u7f8e\u9986\u8f6f\u4ef6\u6709\u9650\u516c\u53f8", "addr": "\u82cf\u5dde"},
{"title": "\u8fd0\u7ef4\u5de5\u7a0b\u5e08", "company": "\u5317\u4eac\u4e2d\u666f\u5408\u5929\u79d1\u6280\u6709\u9650\u516c\u53f8", "addr": "\u82cf\u5dde-\u9ad8\u65b0\u533a"},
{"title": "NLP \u5de5\u7a0b\u5e08", "company": "\u82cf\u5dde\u6b63\u8f7d\u4fe1\u606f\u6280\u672f\u6709\u9650\u516c\u53f8", "addr": "\u82cf\u5dde"},
{"title": "Java\u5f00\u53d1\u5de5\u7a0b\u5e08", "company": "\u53a6\u95e8\u5510\u666e\u4fe1\u606f\u6280\u672f\u6709\u9650\u516c\u53f8", "addr": "\u82cf\u5dde"},
{"title": "C++\u6e38\u620f\u670d\u52a1\u5668\u7aef\u5f00\u53d1\u5de5\u7a0b\u5e08", "company": "\u82cf\u5dde\u98ce\u4e4b\u529b\u7f51\u7edc\u79d1\u6280\u6709\u9650\u516c\u53f8", "addr": "\u82cf\u5dde"},
{"title": "\u573a\u666f\u6a21\u578b\u8d34\u56fe\u5e08\uff08\u9ad8\u7ea7\uff09", "company": "\u4e0a\u6d77\u7ea2\u9ca4\u6587\u5316\u4f20\u64ad\u6709\u9650\u516c\u53f8", "addr": "\u82cf\u5dde-\u76f8\u57ce\u533a"},
{"title": "\u9ad8\u7ea7Java\u5f00\u53d1\u5de5\u7a0b\u5e08", "company": "\u82cf\u5dde\u535a\u8fdc\u5bb9\u5929\u4fe1\u606f\u79d1\u6280\u80a1\u4efd\u6709\u9650\u516c\u53f8", "addr": "\u82cf\u5dde"},
{"title": "\u5927\u6570\u636e\u5f00\u53d1\u5de5\u7a0b\u5e08", "company": "\u4e0a\u6d77\u851a\u6377\u4e92\u8054\u7f51\u91d1\u878d\u4fe1\u606f\u670d\u52a1\u6709\u9650\u516c\u53f8", "addr": "\u82cf\u5dde-\u5de5\u4e1a\u56ed\u533a"},
{"title": "\u56fe\u50cf\u7b97\u6cd5\u5de5\u7a0b\u5e08", "company": "\u82cf\u5dde\u7eb3\u667a\u5929\u5730\u667a\u80fd\u79d1\u6280\u6709\u9650\u516c\u53f8", "addr": "\u82cf\u5dde-\u5de5\u4e1a\u56ed\u533a"},
{"title": "\u8fd0\u7ef4\u5de5\u7a0b\u5e08", "company": "\u82cf\u5dde\u4ed9\u5cf0\u7f51\u7edc\u79d1\u6280\u80a1\u4efd\u6709\u9650\u516c\u53f8", "addr": "\u82cf\u5dde-\u5de5\u4e1a\u56ed\u533a"},
{"title": "AI\u5f00\u53d1\u5de5\u7a0b\u5e08", "company": "\u6c5f\u82cf\u7b2c\u4e8c\u7a7a\u95f4\u8f6f\u4ef6\u79d1\u6280\u6709\u9650\u516c\u53f8", "addr": "\u82cf\u5dde-\u5de5\u4e1a\u56ed\u533a"}
]