<?xml version="1.0" encoding="utf-8"?>
<items>
<item><title>高级Python软件工程师</title></item>
<item><title>Python开发工程师</title></item>
<item><title>python编程老师</title></item>
<item><title>Python高级开发师</title></item>
<item><title>python/lua开发工程师</title></item>
<item><title>Python开发工程师</title></item>
<item><title>Python开发工程师</title></item>
<item><title>python开发</title></item>
<item><title>Python开发工程师</title></item>
<item><title>数据分析师（python,数据库）</title></item>
<item><title>Python工程师</title></item>
<item><title>中级python软件工程师</title></item>
<item><title>银行SAS/R/PYTHON数据分析挖掘建模岗</title></item>
<item><title>Python开发工程师</title></item>
<item><title>Python开发工程师</title></item>
<item><title>python 算法工程师（8k-10k）</title></item>
<item><title>Python开发工程师</title></item>
<item><title>Python开发工程师</title></item>
<item><title>Python开发工程师</title></item>
<item><title>Python开发工程师</title></item>
<item><title>python工程师</title></item>
<item><title>Python开发工程师</title></item>
<item><title>Python开发工程师</title></item>
<item><title>Python高级开发工程师</title></item>
<item><title>爬虫工程师/python工程师</title></item>
<item><title>Python开发工程师</title></item>
<item><title>Python Web讲师</title></item>
<item><title>Python开发工程师</title></item>
<item><title>高级python（爬虫）工程师</title></item>
<item><title>Java高级工程师</title></item>
<item><title>物联网工程师</title></item>
<item><title>2019届实习生（工程/研发/IT)</title></item>
<item><title>测试开发工程师</title></item>
<item><title>教育类软件工程师（项目主管）</title></item>
<item><title>软件工程师</title></item>
<item><title>数据分析师</title></item>
<item><title>云计算工程师 openstack工程师</title></item>
<item><title>高级数据分析师</title></item>
<item><title>图像算法工程师</title></item>
<item><title>大数据技术工程师</title></item>
<item><title>IT网络运维工程师</title></item>
<item><title>运维平台研发工程师</title></item>
<item><title>资深系统工程师 Senior Systems Engineer</title></item>
<item><title>Skill开发工程师</title></item>
<item><title>Oracle EBS开发&amp;运维工程师（璨鸿厂）</title></item>
<item><title>测试开发工程师</title></item>
<item><title>数据分析师（亚马逊）</title></item>
<item><title>运维技术工程师</title></item>
<item><title>标定工程师或ADAS无人驾驶</title></item>
<item><title>测试工程师</title></item>
<item><title>生物信息分析员</title></item>
<item><title>软件工程师（C++）</title></item>
<item><title>Java高级研发工程师</title></item>
<item><title>算法工程师</title></item>
<item><title>视觉算法工程师</title></item>
<item><title>电气工程师（AGV系统）</title></item>
<item><title>C++软件开发工程师-政法事业群-苏州</title></item>
<item><title>Technical Architect /Developer</title></item>
<item><title>高级测试开发主管</title></item>
<item><title>高级生物信息研究员</title></item>
<item><title>网管工程师（一周双休、五险一金）</title></item>
<item><title>高级软件测试工程师/白盒</title></item>
<item><title>测试工程师</title></item>
<item><title>生物信息工程师</title></item>
<item><title>图像算法工程师</title></item>
<item><title>软件工程师</title></item>
<item><title>高级数字IC设计工程师(PMIC方向)(J10515)</title></item>
<item><title>高级数字IC设计工程师1142</title></item>
<item><title>中高级测试工程师</title></item>
<item><title>数据分析工程师</title></item>
<item><title>运维工程师</title></item>
<item><title>Linux C/C++开发工程师</title></item>
<item><title>Sr. Solution Engineer</title></item>
<item><title>Linux运维工程师</title></item>
<item><title>图像算法工程师</title></item>
<item><title>Java高级软件工程师</title></item>
<item><title>运维工程师</title></item>
<item><title>C++服务端</title></item>
<item><title>技术支持工程师</title></item>
<item><title>GO/Java开发工程师</title></item>
<item><title>解决方案经理</title></item>
<item><title>自动化测试架构师</title></item>
<item><title>游戏运维工程师</title></item>
<item><title>软件工程师</title></item>
<item><title>渗透测试工程师</title></item>
<item><title>风险政策经理</title></item>
<item><title>Web研发经理</title></item>
<item><title>Java开发工程师</title></item>
<item><title>软件工程师（web端）</title></item>
<item><title>前端工程师</title></item>
<item><title>生物信息数据分析工程师</title></item>
<item><title>Web前端开发工程师</title></item>
<item><title>生物信息分析工程师</title></item>
<item><title>课程开发专员</title></item>
<item><title>软件测试工程师</title></item>
<item><title>大数据开发工程师</title></item>
<item><title>LIMS系统工程师</title></item>
<item><title>软件测试工程师</title></item>
<item><title>爬虫工程师</title></item>
<item><title>SDN系统工程师</title></item>
</items>