[
  {
    "title": "elim",
    "id": "10662279",
    "sex": "\u5973",
    "birth": "1976-09-26",
    "height": 0,
    "income": "15-20\u4e07\u5143",
    "marry": "\u79bb\u5f02\u5e26\u5b69\u5b50",
    "edu": "\u5927\u5b66\u672c\u79d1",
    "city": "\u5e7f\u4e1c\u6df1\u5733",
    "signature": "\u73cd\u60dc\u7f18\u4efd\uff0c\u8ba4\u771f\u5bf9\u5f85\u611f\u60c5\uff0c\u5e0c\u671b\u80fd\u627e\u5230\u91cd\u89c6\u751f\u6d3b\u54c1\u8d28\uff0c\u613f\u610f\u5f7c\u6b64\u4e92\u76f8\u966a\u4f34\u7684\u4f34\u4fa3\u3002\u4f34\u4fa3\u6709\u4e09\u79cd\uff0c\u4e00\u79cd\u662f\u642d\u4f19\u8fc7\u65e5\u5b50\uff0c\u4e00\u79cd\u662f\u4e92\u76f8\u966a\u4f34\uff0c\u4e00\u79cd\u662f\u4e92\u76f8\u652f\u6301\u4e0e\u6210\u5c31\u3002\u642d\u4f19\u8fc7\u65e5\u5b50\u5b9e\u5c5e\u65e0\u5948\uff0c\u5e0c\u671b\u548c\u4f34\u4fa3\u4e00\u8d77\u7ecf\u8425\u521b\u9020\u51fa\u540e\u4e24\u79cd\u5173\u7cfb\u3002",
    "img_src": "http://www.hongniang.com/data/upload/photo/20171110/5a051e2f5bef3_big.png"
  },
  {
    "title": "\u72319998",
    "id": "10977651",
    "sex": "\u7537",
    "birth": "1970-09-26",
    "height": 173,
    "income": "20-35\u4e07\u5143",
    "marry": "\u79bb\u5f02\u5e26\u5b69\u5b50",
    "edu": "\u5927\u5b66\u672c\u79d1",
    "city": "\u5e7f\u4e1c\u6df1\u5733",
    "signature": "\u6211\u7684\u4e16\u754c\u6709\u4f60\u66f4\u7cbe\u5f69",
    "img_src": "http://www.hongniang.com/data/upload/photo/20180607/5b18d8fc2cd7f_big.png"
  },
  {
    "title": "\u4f1a\u545811004224",
    "id": "11004224",
    "sex": "\u5973",
    "birth": "1996-09-26",
    "height": 161,
    "income": "10-15\u4e07\u5143",
    "marry": "\u672a\u5a5a",
    "edu": "\u5927\u4e13",
    "city": "\u6d59\u6c5f\u676d\u5dde",
    "signature": "\u6027\u683c\u6e29\u987a\u504f\u5916\u5411\uff0c\u6bd4\u8f83\u61c2\u4e8b",
    "img_src": "http://www.hongniang.com/data/upload/photo/20180925/5ba9c18260bc4_original.jpg"
  },
  {
    "title": "\u4f1a\u545810638094",
    "id": "10638094",
    "sex": "\u7537",
    "birth": "1995-09-26",
    "height": 177,
    "income": "5-10\u4e07\u5143",
    "marry": "\u672a\u5a5a",
    "edu": "\u5927\u5b66\u672c\u79d1",
    "city": "\u6d59\u6c5f\u676d\u5dde",
    "signature": "IT\u7a0b\u5e8f\u5458",
    "img_src": "http://www.hongniang.com/data/upload/photo/20180628/5b346f91951cc_original.jpg"
  },
  {
    "title": "\u4f1a\u545811003303",
    "id": "11003303",
    "sex": "\u7537",
    "birth": "1995-09-26",
    "height": 175,
    "income": "1-5\u4e07\u5143",
    "marry": "\u672a\u5a5a",
    "edu": "\u5927\u5b66\u672c\u79d1",
    "city": "\u6d59\u6c5f\u676d\u5dde",
    "signature": "\u8d70\u5fc3\u7684\u81ea\u6211\u4ecb\u7ecd\u3002",
    "img_src": "http://www.hongniang.com/data/upload/photo/20180826/5b82392193625_original.jpg"
  },
  {
    "title": "\u4f1a\u545810965860",
    "id": "10965860",
    "sex": "\u7537",
    "birth": "1997-09-26",
    "height": 161,
    "income": "1-5\u4e07\u5143",
    "marry": "\u672a\u5a5a",
    "edu": "\u9ad8\u4e2d\u53ca\u4ee5\u4e0b",
    "city": "\u6d59\u6c5f\u91d1\u534e",
    "signature": "\u672c\u4eba\u6765\u81ea\u8d35\u5dde\u519c\u6751\uff0c\u5bb6\u4e2d\u5144\u5f1f\u4e09\u4eba\uff0c\u6211\u6700\u5c0f\uff0c\u76ee\u524d\u5728\u6d59\u6c5f\u91d1\u534e\u6253\u5de5\uff0c\u5b66\u5386\u4e0d\u9ad8\u4f46\u80fd\u5403\u82e6\uff0c\u5341\u516d\u5c81\u4e00\u4eba\u72ec\u95ef\u6df1\u5733\uff0c\u53bb\u8fc7\u5f88\u591a\u4e2a\u7701\u5e02\uff0c\u552f\u4e00\u4e0d\u8db3\u7684\u662f\uff0c\u6ca1\u6709\u4efb\u4f55\u604b\u7231\u7ecf\u9a8c\uff0c\u4e0d\u77e5\u9053\u8fd9\u6837\u7684\u6211\u4f1a\u4e0d\u4f1a\u6709\u4eba\u559c\u6b22\u3002VX ID13754351422",
    "img_src": "http://www.hongniang.com/data/upload/photo/20180920/5ba32cee1fea6.jpg"
  },
  {
    "title": "\u4f1a\u545811002837",
    "id": "11002837",
    "sex": "\u7537",
    "birth": "1996-09-26",
    "height": 176,
    "income": "5-10\u4e07\u5143",
    "marry": "\u672a\u5a5a",
    "edu": "\u5927\u5b66\u672c\u79d1",
    "city": "\u6d59\u6c5f\u676d\u5dde",
    "signature": "\u60f3\u5403\u904d\u5168\u4e2d\u56fd\u7f8e\u5473",
    "img_src": "http://www.hongniang.com/data/upload/photo/20180814/5b720729c9616_original.jpg"
  },
  {
    "title": "123\u3001\u6728\u5934\u4eba",
    "id": "10950421",
    "sex": "\u7537",
    "birth": "1995-09-26",
    "height": 170,
    "income": "10-15\u4e07\u5143",
    "marry": "\u672a\u5a5a",
    "edu": "\u5927\u5b66\u672c\u79d1",
    "city": "\u6d59\u6c5f\u676d\u5dde",
    "signature": "\u672c\u4eba\u6d3b\u6cfc\u53ef\u7231\uff0c\u5de5\u4f5c\u7a33\u5b9a.\u5e73\u65f6\u6bd4\u8f83\u5916\u5411\uff0c\u4e5f\u6bd4\u8f83\u5b5d\u987a.\u4e0b\u5f97\u53a8\u623f\uff0c\u5473\u9053\u81ea\u8ba4\u4e3a\u8fd8\u4e0d\u9519\u54e6.\u76ee\u524d\u6253\u7b97\u5728\u676d\u5dde\u594b\u6597\u7ec8\u751f",
    "img_src": "http://www.hongniang.com/data/upload/photo/20180416/5ad49a6e30b93_big.png"
  },
  {
    "title": "\u4f1a\u5458330545",
    "id": "330545",
    "sex": "\u7537",
    "birth": "2000-09-26",
    "height": 180,
    "income": "5-10\u4e07\u5143",
    "marry": "\u672a\u5a5a",
    "edu": "\u5927\u5b66\u672c\u79d1",
    "city": "\u6d59\u6c5f\u676d\u5dde",
    "signature": "\u5b64\u72ec",
    "img_src": "http://www.hongniang.com/data/upload/photo/20170908/59b1e43cb014d.jpeg"
  },
  {
    "title": "\u5973\u5b69\u5b50\u5f31\u5c0f",
    "id": "11004138",
    "sex": "\u5973",
    "birth": "1996-09-26",
    "height": 168,
    "income": "20-35\u4e07\u5143",
    "marry": "\u672a\u5a5a",
    "edu": "\u5927\u5b66\u672c\u79d1",
    "city": "\u798f\u5efa\u798f\u5dde",
    "signature": "\u5f88\u9ad8\u5174\u8ba4\u8bc6\u4f60\u53eb\u4e2a\u670b\u53cb\u5427wx        wzt\u96f6\u4e5d\u4e00\u516d\u516b\u4e00\u516d\u516b",
    "img_src": "http://www.hongniang.com/data/upload/photo/20180920/5ba35abac30bc_big.png"
  },
  {
    "title": "WZY11",
    "id": "11004200",
    "sex": "\u7537",
    "birth": "1997-09-26",
    "height": 168,
    "income": "20-35\u4e07\u5143",
    "marry": "\u672a\u5a5a",
    "edu": "\u5927\u4e13",
    "city": "\u8d35\u5dde\u6bd5\u8282",
    "signature": "\u7236\u6bcd\u5e74\u4e8b\u5df2\u9ad8\uff0c\u800c\u6211\u7ecf\u5e38\u5728\u5916\u5730\u5de5\u4f5c\uff0c\u4eca\u5e74\u7236\u6bcd\u7ed9\u6211\u7684\u4efb\u52a1\u662f\u5e26\u4e2a\u5973\u670b\u53cb\u56de\u5bb6\uff0c\u56e0\u4e3a\u6211\u662f\u641e\u5de5\u7a0b\u7684\uff0c\u5f88\u5c11\u6709\u63a5\u89e6\u5230\u5f02\u6027\u7684\u673a\u4f1a\uff0c\u56e0\u6b64\u6c42\u52a9\u5a5a\u5ff5\u7f51\u3002",
    "img_src": "http://www.hongniang.com/data/upload/photo/20180924/5ba8a1db21a8f_big.png"
  },
  {
    "title": "\u4f1a\u545811004244",
    "id": "11004244",
    "sex": "\u7537",
    "birth": "1999-09-26",
    "height": 170,
    "income": "1-5\u4e07\u5143",
    "marry": "\u672a\u5a5a",
    "edu": "\u9ad8\u4e2d\u53ca\u4ee5\u4e0b",
    "city": "\u6d59\u6c5f\u676d\u5dde",
    "signature": "Ta\u5f88\u61d2,\u4ec0\u4e48\u90fd\u6ca1\u7559\u4e0b",
    "img_src": "http://www.hongniang.com/data/upload/photo/20180926/5baac77901087_original.jpg"
  },
  {
    "title": "\u5b64\u72ec\u7684\u98ce\u7434\u624b",
    "id": "11004075",
    "sex": "\u7537",
    "birth": "1998-09-26",
    "height": 179,
    "income": "5-10\u4e07\u5143",
    "marry": "\u672a\u5a5a",
    "edu": "\u5927\u5b66\u672c\u79d1",
    "city": "\u5b89\u5fbd\u5408\u80a5",
    "signature": "Ta\u5f88\u61d2,\u4ec0\u4e48\u90fd\u6ca1\u7559\u4e0b",
    "img_src": "http://www.hongniang.com/data/upload/photo/20180918/5b9fdf2a2d40c_big.png"
  },
  {
    "title": "\u8fbe\u6000\u65e6",
    "id": "11003993",
    "sex": "\u7537",
    "birth": "2000-09-26",
    "height": 172,
    "income": "1-5\u4e07\u5143",
    "marry": "\u672a\u5a5a",
    "edu": "\u5927\u4e13",
    "city": "\u4fdd\u5bc6",
    "signature": "Ta\u5f88\u61d2,\u4ec0\u4e48\u90fd\u6ca1\u7559\u4e0b",
    "img_src": "http://www.hongniang.com/data/upload/photo/20180914/5b9b7d7fd1237_big.png"
  },
  {
    "title": "\u6263\u6263840001765",
    "id": "11004008",
    "sex": "\u5973",
    "birth": "1995-09-26",
    "height": 168,
    "income": "5-10\u4e07\u5143",
    "marry": "\u4fdd\u5bc6",
    "edu": "\u5927\u4e13",
    "city": "\u6d59\u6c5f\u5b81\u6ce2",
    "signature": "\u6211\u6027\u683c\u6709\u4e9b\u5185\u5411\uff0c\u4e0d\u592a\u5584\u4e8e\u804a\u5929\u3002\u5982\u679c\u6709\u613f\u610f\u76f8\u5904\u7684\uff0c\u53ef\u4ee5\u8bd5\u8bd5\u54e6",
    "img_src": "http://www.hongniang.com/data/upload/photo/20180915/5b9c7b3ec8328_big.png"
  },
  {
    "title": "\u4f1a\u545811004017",
    "id": "11004017",
    "sex": "\u5973",
    "birth": "1996-09-26",
    "height": 159,
    "income": "1-5\u4e07\u5143",
    "marry": "\u672a\u5a5a",
    "edu": "\u5927\u4e13",
    "city": "\u6d59\u6c5f\u676d\u5dde",
    "signature": "Ta\u5f88\u61d2,\u4ec0\u4e48\u90fd\u6ca1\u7559\u4e0b",
    "img_src": "http://www.hongniang.com/data/upload/photo/20180915/5b9d161d17ac3_original.jpg"
  },
  {
    "title": "\u4f1a\u545811004021",
    "id": "11004021",
    "sex": "\u7537",
    "birth": "2000-09-26",
    "height": 170,
    "income": "5-10\u4e07\u5143",
    "marry": "\u672a\u5a5a",
    "edu": "\u9ad8\u4e2d\u53ca\u4ee5\u4e0b",
    "city": "\u6d59\u6c5f\u676d\u5dde",
    "signature": "\u9633\u5149\u5e05\u6c14",
    "img_src": "http://www.hongniang.com/data/upload/photo/20180916/5b9d632199f76_original.jpg"
  },
  {
    "title": "\u4f1a\u545811004025",
    "id": "11004025",
    "sex": "\u5973",
    "birth": "2000-09-26",
    "height": 167,
    "income": "1-5\u4e07\u5143",
    "marry": "\u672a\u5a5a",
    "edu": "\u9ad8\u4e2d\u53ca\u4ee5\u4e0b",
    "city": "\u6d59\u6c5f\u676d\u5dde",
    "signature": "\u6211\u6bd4\u8f83\u5185\u5411",
    "img_src": "http://www.hongniang.com/data/upload/photo/20180916/5b9da00c20837_original.jpg"
  },
  {
    "title": "\u4f1a\u545811003965",
    "id": "11003965",
    "sex": "\u5973",
    "birth": "1995-09-26",
    "height": 162,
    "income": "5-10\u4e07\u5143",
    "marry": "\u672a\u5a5a",
    "edu": "\u5927\u5b66\u672c\u79d1",
    "city": "\u6d59\u6c5f\u676d\u5dde",
    "signature": "Ta\u5f88\u61d2,\u4ec0\u4e48\u90fd\u6ca1\u7559\u4e0b",
    "img_src": "http://www.hongniang.com/data/upload/photo/20180916/5b9df3660c261_original.jpg"
  },
  {
    "title": "\u4f1a\u545811003967",
    "id": "11003967",
    "sex": "\u5973",
    "birth": "1995-09-26",
    "height": 163,
    "income": "\u4fdd\u5bc6",
    "marry": "\u672a\u5a5a",
    "edu": "\u5927\u5b66\u672c\u79d1",
    "city": "\u6d59\u6c5f\u676d\u5dde",
    "signature": "\u5fae\u4fe1\u516c\u4f17\u53f7\u201cHi\u67da\u5b50\u8bfb\u4e66\u201d",
    "img_src": "http://www.hongniang.com/data/upload/photo/20180916/5b9df37447940_original.jpg"
  },
  {
    "title": "\u4f1a\u545811003966",
    "id": "11003966",
    "sex": "\u5973",
    "birth": "1995-09-26",
    "height": 170,
    "income": "10-15\u4e07\u5143",
    "marry": "\u672a\u5a5a",
    "edu": "\u5927\u5b66\u672c\u79d1",
    "city": "\u6d59\u6c5f\u676d\u5dde",
    "signature": "Ta\u5f88\u61d2,\u4ec0\u4e48\u90fd\u6ca1\u7559\u4e0b",
    "img_src": "http://www.hongniang.com/data/upload/photo/20180916/5b9e1f74ce635_original.jpg"
  },
  {
    "title": "\u4f1a\u545811004058",
    "id": "11004058",
    "sex": "\u5973",
    "birth": "1995-09-26",
    "height": "\u4fdd\u5bc6CM",
    "income": "\u4fdd\u5bc6",
    "marry": "\u672a\u5a5a",
    "edu": "\u4fdd\u5bc6",
    "city": "\u6d59\u6c5f\u5609\u5174",
    "signature": "Ta\u5f88\u61d2,\u4ec0\u4e48\u90fd\u6ca1\u7559\u4e0b",
    "img_src": "http://www.hongniang.com/data/upload/photo/20180916/5b9e6454378af_original.jpg"
  },
  {
    "title": "\u4f1a\u545811004061",
    "id": "11004061",
    "sex": "\u5973",
    "birth": "1996-09-26",
    "height": 158,
    "income": "1-5\u4e07\u5143",
    "marry": "\u672a\u5a5a",
    "edu": "\u5927\u4e13",
    "city": "\u5e7f\u4e1c\u4f5b\u5c71",
    "signature": "\u672c\u4eba\u72ee\u5b50\u5ea7\uff0c\u7231\u597d\u542c\u6b4c\uff0c\u7ed8\u753b",
    "img_src": "http://www.hongniang.com/data/upload/photo/20180917/5b9e81459d12c_original.jpg"
  },
  {
    "title": "\u4f1a\u545811003890",
    "id": "11003890",
    "sex": "\u7537",
    "birth": "1995-09-26",
    "height": 185,
    "income": "1-5\u4e07\u5143",
    "marry": "\u672a\u5a5a",
    "edu": "\u5927\u4e13",
    "city": "\u5c71\u4e1c\u6dc4\u535a",
    "signature": "Ta\u5f88\u61d2,\u4ec0\u4e48\u90fd\u6ca1\u7559\u4e0b",
    "img_src": "http://www.hongniang.com/data/upload/photo/20180912/5b98a2b04bfae.jpg"
  },
  {
    "title": "\u4f1a\u545811003880",
    "id": "11003880",
    "sex": "\u5973",
    "birth": "1997-09-26",
    "height": 172,
    "income": "5-10\u4e07\u5143",
    "marry": "\u672a\u5a5a",
    "edu": "\u4e2d\u4e13",
    "city": "\u6d59\u6c5f\u676d\u5dde",
    "signature": "Ta\u5f88\u61d2,\u4ec0\u4e48\u90fd\u6ca1\u7559\u4e0b",
    "img_src": "http://www.hongniang.com/data/upload/photo/20180911/5b97ce35d8c2c_original.jpg"
  },
  {
    "title": "\u767d\u748e\u73de",
    "id": "11003830",
    "sex": "\u5973",
    "birth": "1995-09-26",
    "height": 168,
    "income": "1-5\u4e07\u5143",
    "marry": "\u672a\u5a5a",
    "edu": "\u5927\u5b66\u672c\u79d1",
    "city": "\u6e56\u5357\u957f\u6c99",
    "signature": "\u76f8\u9047\u5c31\u662f\u7f18\u5206\uff0c\u4e00\u5207\u7686\u6709\u53ef\u80fd\u3002",
    "img_src": "http://www.hongniang.com/data/upload/photo/20180910/5b960de8c758e_big.png"
  },
  {
    "title": "\u8431\u58a8",
    "id": "11003832",
    "sex": "\u5973",
    "birth": "1996-09-26",
    "height": 164,
    "income": "20-35\u4e07\u5143",
    "marry": "\u672a\u5a5a",
    "edu": "\u5927\u4e13",
    "city": "\u6c5f\u82cf\u5e38\u5dde",
    "signature": "\u627e\u4e00\u4e2a\u4eba\u7231\u6211\u75bc\u6211\u5ba0\u6211\u7684\uff0c\u5bb9\u5fcd\u6211\u5404\u79cd\u5c0f\u4eba\u6027\u7684\uff0c\u5e26\u6211\u5bb6\u4eba\u597d\u5bf9\u81ea\u5df1\u7236\u6bcd\u5b5d\u987a\u7684\u5c31\u884c",
    "img_src": "http://www.hongniang.com/data/upload/photo/20180910/5b960d8246bed_big.png"
  },
  {
    "title": "\u4f1a\u545810957756",
    "id": "10957756",
    "sex": "\u7537",
    "birth": "1995-09-26",
    "height": 172,
    "income": "10-15\u4e07\u5143",
    "marry": "\u672a\u5a5a",
    "edu": "\u5927\u5b66\u672c\u79d1",
    "city": "\u6d59\u6c5f\u676d\u5dde",
    "signature": "Ta\u5f88\u61d2,\u4ec0\u4e48\u90fd\u6ca1\u7559\u4e0b",
    "img_src": "http://www.hongniang.com/data/upload/photo/20180911/5b9711911496b_original.jpg"
  },
  {
    "title": "\u4f1a\u545811003087",
    "id": "11003087",
    "sex": "\u7537",
    "birth": "1995-09-26",
    "height": 175,
    "income": "5-10\u4e07\u5143",
    "marry": "\u672a\u5a5a",
    "edu": "\u5927\u5b66\u672c\u79d1",
    "city": "\u6d59\u6c5f\u676d\u5dde",
    "signature": "Ta\u5f88\u61d2,\u4ec0\u4e48\u90fd\u6ca1\u7559\u4e0b",
    "img_src": "http://www.hongniang.com/data/upload/photo/20180822/5b7cbef4c6280_original.jpg"
  },
  {
    "title": "\u8c46\u8c46xxt",
    "id": "11003795",
    "sex": "\u5973",
    "birth": "1999-09-26",
    "height": 160,
    "income": "1-5\u4e07\u5143",
    "marry": "\u672a\u5a5a",
    "edu": "\u4e2d\u4e13",
    "city": "\u5c71\u897f\u5415\u6881",
    "signature": "Ta\u5f88\u61d2,\u4ec0\u4e48\u90fd\u6ca1\u7559\u4e0b",
    "img_src": "http://www.hongniang.com/data/upload/photo/20180908/5b93bea72c31f_big.png"
  },
  {
    "title": "\u4f1a\u545811003117",
    "id": "11003117",
    "sex": "\u7537",
    "birth": "1995-09-26",
    "height": 178,
    "income": "10-15\u4e07\u5143",
    "marry": "\u672a\u5a5a",
    "edu": "\u5927\u5b66\u672c\u79d1",
    "city": "\u6d59\u6c5f\u676d\u5dde",
    "signature": "Ta\u5f88\u61d2,\u4ec0\u4e48\u90fd\u6ca1\u7559\u4e0b",
    "img_src": "http://www.hongniang.com/data/upload/photo/20180822/5b7cfb3032629_original.jpg"
  },
  {
    "title": "\u4f1a\u545811003782",
    "id": "11003782",
    "sex": "\u5973",
    "birth": "1995-09-26",
    "height": 166,
    "income": "\u4fdd\u5bc6",
    "marry": "\u672a\u5a5a",
    "edu": "\u4fdd\u5bc6",
    "city": "\u6d59\u6c5f\u676d\u5dde",
    "signature": "Ta\u5f88\u61d2,\u4ec0\u4e48\u90fd\u6ca1\u7559\u4e0b",
    "img_src": "http://www.hongniang.com/data/upload/photo/20180908/5b935fcfa3a85_original.jpg"
  },
  {
    "title": "\u4f1a\u545811003082",
    "id": "11003082",
    "sex": "\u7537",
    "birth": "1995-09-26",
    "height": 176,
    "income": "5-10\u4e07\u5143",
    "marry": "\u672a\u5a5a",
    "edu": "\u5927\u4e13",
    "city": "\u6d59\u6c5f\u676d\u5dde",
    "signature": "Ta\u5f88\u61d2,\u4ec0\u4e48\u90fd\u6ca1\u7559\u4e0b",
    "img_src": "http://www.hongniang.com/data/upload/photo/20180822/5b7cb2bc33ea5_original.jpg"
  },
  {
    "title": "\u77b3\u7199",
    "id": "11003757",
    "sex": "\u5973",
    "birth": "2000-09-26",
    "height": 168,
    "income": "1-5\u4e07\u5143",
    "marry": "\u672a\u5a5a",
    "edu": "\u9ad8\u4e2d\u53ca\u4ee5\u4e0b",
    "city": "\u5c71\u4e1c\u804a\u57ce",
    "signature": "Ta\u5f88\u61d2,\u4ec0\u4e48\u90fd\u6ca1\u7559\u4e0b",
    "img_src": "http://www.hongniang.com/data/upload/photo/20180907/5b9213a939390_big.png"
  },
  {
    "title": "\u4f1a\u545811003677",
    "id": "11003677",
    "sex": "\u5973",
    "birth": "1995-09-26",
    "height": "\u4fdd\u5bc6CM",
    "income": "\u4fdd\u5bc6",
    "marry": "\u672a\u5a5a",
    "edu": "\u5927\u4e13",
    "city": "\u6d59\u6c5f\u676d\u5dde",
    "signature": "Ta\u5f88\u61d2,\u4ec0\u4e48\u90fd\u6ca1\u7559\u4e0b",
    "img_src": "http://www.hongniang.com/data/upload/photo/20180908/5b93599f94edf_original.jpg"
  },
  {
    "title": "\u4f1a\u545811003102",
    "id": "11003102",
    "sex": "\u7537",
    "birth": "1995-09-26",
    "height": 170,
    "income": "10-15\u4e07\u5143",
    "marry": "\u672a\u5a5a",
    "edu": "\u5927\u4e13",
    "city": "\u6d59\u6c5f\u676d\u5dde",
    "signature": "\u8d8a\u52aa\u529b\u8d8a\u5e78\u8fd0",
    "img_src": "http://www.hongniang.com/data/upload/photo/20180822/5b7cd640d8ff8_original.jpg"
  },
  {
    "title": "\u4f1a\u545811003119",
    "id": "11003119",
    "sex": "\u7537",
    "birth": "1995-09-26",
    "height": 175,
    "income": "10-15\u4e07\u5143",
    "marry": "\u672a\u5a5a",
    "edu": "\u5927\u5b66\u672c\u79d1",
    "city": "\u6d59\u6c5f\u676d\u5dde",
    "signature": "Ta\u5f88\u61d2,\u4ec0\u4e48\u90fd\u6ca1\u7559\u4e0b",
    "img_src": "http://www.hongniang.com/data/upload/photo/20180822/5b7cfd0e60dd4_original.jpg"
  },
  {
    "title": "YUYWQDJ",
    "id": "11003813",
    "sex": "\u5973",
    "birth": "1998-09-26",
    "height": 172,
    "income": "1-5\u4e07\u5143",
    "marry": "\u672a\u5a5a",
    "edu": "\u9ad8\u4e2d\u53ca\u4ee5\u4e0b",
    "city": "\u5c71\u4e1c\u6f4d\u574a",
    "signature": "Ta\u5f88\u61d2,\u4ec0\u4e48\u90fd\u6ca1\u7559\u4e0b",
    "img_src": "http://www.hongniang.com/data/upload/photo/20180909/5b94e4a94a8fe_big.png"
  },
  {
    "title": "\u6211\u6267\u7686\u56e0\u4f60\u503c",
    "id": "11003712",
    "sex": "\u7537",
    "birth": "1995-09-26",
    "height": 174,
    "income": "1-5\u4e07\u5143",
    "marry": "\u672a\u5a5a",
    "edu": "\u4e2d\u4e13",
    "city": "\u5e7f\u4e1c\u6df1\u5733",
    "signature": "\u4e00\u4e2a\u7ec6\u5fae\u52a8\u4f5c\uff0c\u4e00\u4e2a\u98d8\u5ffd\u773c\u795e\uff0c\u6291\u6216\u662f\u4e00\u4e2a\u8f6c\u8eab\u7684\u8ddd\u79bb\uff0c\u76f8\u7231\u7684\u4eba\u5e94\u8be5\u6709\u7740\u7f18\u5206\u7684\u9ed8\u5951\uff0c\u627e\u4e00\u4e2a\u7231\u6211\u61c2\u6211\u7684\u4eba\uff0c\u751f\u6d3b\u4e5f\u4f1a\u56e0\u9ed8\u5951\u800c\u548c\u8c10\u3002",
    "img_src": "http://www.hongniang.com/data/upload/photo/20180905/5b8f7e4a5a9b9_big.png"
  },
  {
    "title": "\u4f1a\u545811003697",
    "id": "11003697",
    "sex": "\u7537",
    "birth": "1996-09-26",
    "height": 160,
    "income": "1-5\u4e07\u5143",
    "marry": "\u672a\u5a5a",
    "edu": "\u4e2d\u4e13",
    "city": "\u5e7f\u4e1c\u4e1c\u839e",
    "signature": "\u4e07\u82b1\u4e1b\u4e2d\u8fc7\uff0c\u7247\u53f6\u4e0d\u6cbe\u8eab\u3002",
    "img_src": "http://www.hongniang.com/data/upload/photo/20180904/5b8e3e89185bc.jpg"
  },
  {
    "title": "\u4f1a\u545811003491",
    "id": "11003491",
    "sex": "\u5973",
    "birth": "1995-09-26",
    "height": 163,
    "income": "5-10\u4e07\u5143",
    "marry": "\u672a\u5a5a",
    "edu": "\u5927\u4e13",
    "city": "\u6d59\u6c5f\u676d\u5dde",
    "signature": "Ta\u5f88\u61d2,\u4ec0\u4e48\u90fd\u6ca1\u7559\u4e0b",
    "img_src": "http://www.hongniang.com/data/upload/photo/20180828/5b84c0b3d0942_original.jpg"
  },
  {
    "title": "\u4f1a\u545811003578",
    "id": "11003578",
    "sex": "\u5973",
    "birth": "1995-09-26",
    "height": 165,
    "income": "5-10\u4e07\u5143",
    "marry": "\u672a\u5a5a",
    "edu": "\u5927\u5b66\u672c\u79d1",
    "city": "\u6d59\u6c5f\u676d\u5dde",
    "signature": "Ta\u5f88\u61d2,\u4ec0\u4e48\u90fd\u6ca1\u7559\u4e0b",
    "img_src": "http://www.hongniang.com/data/upload/photo/20180831/5b890e07c4c83_original.jpg"
  },
  {
    "title": "\u7b49\u98ce\u59d1\u5a18",
    "id": "11003508",
    "sex": "\u5973",
    "birth": "1996-09-26",
    "height": 164,
    "income": "5-10\u4e07\u5143",
    "marry": "\u672a\u5a5a",
    "edu": "\u5927\u4e13",
    "city": "\u4fdd\u5bc6",
    "signature": "Ta\u5f88\u61d2,\u4ec0\u4e48\u90fd\u6ca1\u7559\u4e0b",
    "img_src": "http://www.hongniang.com/data/upload/photo/20180829/5b864c4b08f1d_big.png"
  },
  {
    "title": "\u4f1a\u545811003497",
    "id": "11003497",
    "sex": "\u5973",
    "birth": "1997-09-26",
    "height": 155,
    "income": "1-5\u4e07\u5143",
    "marry": "\u672a\u5a5a",
    "edu": "\u5927\u4e13",
    "city": "\u6d59\u6c5f\u676d\u5dde",
    "signature": "\u5565\u90fd\u6ca1\u6709\uff0c\u613f\u8005\u4e0a\u94a9",
    "img_src": "http://www.hongniang.com/data/upload/photo/20180828/5b854fba87a99_original.jpg"
  },
  {
    "title": "\u4f1a\u545811003448",
    "id": "11003448",
    "sex": "\u5973",
    "birth": "1996-09-26",
    "height": 162,
    "income": "5-10\u4e07\u5143",
    "marry": "\u672a\u5a5a",
    "edu": "\u5927\u4e13",
    "city": "\u6d59\u6c5f\u676d\u5dde",
    "signature": "Ta\u5f88\u61d2,\u4ec0\u4e48\u90fd\u6ca1\u7559\u4e0b",
    "img_src": "http://www.hongniang.com/data/upload/photo/20180826/5b82a9983916c_original.jpg"
  },
  {
    "title": "\u4f1a\u545811003450",
    "id": "11003450",
    "sex": "\u5973",
    "birth": "1996-09-26",
    "height": 174,
    "income": "5-10\u4e07\u5143",
    "marry": "\u672a\u5a5a",
    "edu": "\u5927\u5b66\u672c\u79d1",
    "city": "\u6d59\u6c5f\u676d\u5dde",
    "signature": "\u60f3\u8ba4\u771f\u627e\u4e2a\u5bf9\u8c61\u7684\uff0c\u5927\u5b66\u521a\u6bd5\u4e1a\uff0c\u81ea\u5df1\u6027\u683c\u8fd8\u884c\uff0c\u4e5f\u6ca1\u4e0d\u826f\u55dc\u597d\uff0c\u5e0c\u671b\u9047\u5230\u6709\u7f18\u4eba\u3002",
    "img_src": "http://www.hongniang.com/data/upload/photo/20180826/5b82bdef18c3e_original.jpg"
  },
  {
    "title": "\u4f1a\u545811003067",
    "id": "11003067",
    "sex": "\u5973",
    "birth": "1995-09-26",
    "height": 161,
    "income": "5-10\u4e07\u5143",
    "marry": "\u672a\u5a5a",
    "edu": "\u5927\u5b66\u672c\u79d1",
    "city": "\u6d59\u6c5f\u676d\u5dde",
    "signature": "\u5c71\u6709\u6728\u516e\u6728\u6709\u679d\uff0c\u5fc3\u60a6\u541b\u516e\u541b\u4e0d\u77e5\u3002",
    "img_src": "http://www.hongniang.com/data/upload/photo/20180821/5b7c0910effef_original.jpg"
  },
  {
    "title": "\u4f1a\u545811003010",
    "id": "11003010",
    "sex": "\u5973",
    "birth": "1995-09-26",
    "height": 165,
    "income": "5-10\u4e07\u5143",
    "marry": "\u672a\u5a5a",
    "edu": "\u7855\u58eb",
    "city": "\u6d59\u6c5f\u676d\u5dde",
    "signature": "\u60f3\u627e\u4e2a\u5408\u5f97\u6765\u7684\u4eba",
    "img_src": "http://www.hongniang.com/data/upload/photo/20180820/5b7a28c0cc449.jpeg"
  },
  {
    "title": "\u4f1a\u545810576818",
    "id": "10576818",
    "sex": "\u5973",
    "birth": "1995-09-26",
    "height": 165,
    "income": "10-15\u4e07\u5143",
    "marry": "\u672a\u5a5a",
    "edu": "\u5927\u4e13",
    "city": "\u6d59\u6c5f\u676d\u5dde",
    "signature": "\u5916\u5411",
    "img_src": "http://www.hongniang.com/data/upload/photo/20180804/5b65854929450_original.jpg"
  },
  {
    "title": "\u4f1a\u545811003410",
    "id": "11003410",
    "sex": "\u5973",
    "birth": "1995-09-26",
    "height": "\u4fdd\u5bc6CM",
    "income": "\u4fdd\u5bc6",
    "marry": "\u4fdd\u5bc6",
    "edu": "\u4fdd\u5bc6",
    "city": "\u6d59\u6c5f\u676d\u5dde",
    "signature": "Ta\u5f88\u61d2,\u4ec0\u4e48\u90fd\u6ca1\u7559\u4e0b",
    "img_src": "http://www.hongniang.com/data/upload/photo/20180826/5b823874aa5de_original.jpg"
  },
  {
    "title": "\u4f1a\u545811003104",
    "id": "11003104",
    "sex": "\u7537",
    "birth": "1995-09-26",
    "height": 182,
    "income": "10-15\u4e07\u5143",
    "marry": "\u672a\u5a5a",
    "edu": "\u5927\u4e13",
    "city": "\u6d59\u6c5f\u676d\u5dde",
    "signature": "Ta\u5f88\u61d2,\u4ec0\u4e48\u90fd\u6ca1\u7559\u4e0b",
    "img_src": "http://www.hongniang.com/data/upload/photo/20180822/5b7cd78de5c76_original.jpg"
  },
  {
    "title": "\u4f1a\u545811003100",
    "id": "11003100",
    "sex": "\u7537",
    "birth": "1995-09-26",
    "height": 175,
    "income": "10-15\u4e07\u5143",
    "marry": "\u672a\u5a5a",
    "edu": "\u5927\u4e13",
    "city": "\u6d59\u6c5f\u676d\u5dde",
    "signature": "Ta\u5f88\u61d2,\u4ec0\u4e48\u90fd\u6ca1\u7559\u4e0b",
    "img_src": "http://www.hongniang.com/data/upload/photo/20180822/5b7cd3f6e3694_original.jpg"
  },
  {
    "title": "\u4f1a\u545811003098",
    "id": "11003098",
    "sex": "\u7537",
    "birth": "1996-09-26",
    "height": 168,
    "income": "10-15\u4e07\u5143",
    "marry": "\u672a\u5a5a",
    "edu": "\u5927\u5b66\u672c\u79d1",
    "city": "\u6d59\u6c5f\u676d\u5dde",
    "signature": "\u7f8e\u5973\u4eec\u597d\uff0c\u672c\u4eba\u5bc6\u65af\u674e",
    "img_src": "http://www.hongniang.com/data/upload/photo/20180822/5b7cd36d5a313_original.jpg"
  },
  {
    "title": "\u4f1a\u545811003053",
    "id": "11003053",
    "sex": "\u5973",
    "birth": "1998-09-26",
    "height": 163,
    "income": "1-5\u4e07\u5143",
    "marry": "\u672a\u5a5a",
    "edu": "\u9ad8\u4e2d\u53ca\u4ee5\u4e0b",
    "city": "\u6d59\u6c5f\u676d\u5dde",
    "signature": "Ta\u5f88\u61d2,\u4ec0\u4e48\u90fd\u6ca1\u7559\u4e0b",
    "img_src": "http://www.hongniang.com/data/upload/photo/20180821/5b7bdc6ead2bf_original.jpg"
  },
  {
    "title": "\u4f1a\u545811003290",
    "id": "11003290",
    "sex": "\u5973",
    "birth": "1997-09-26",
    "height": 170,
    "income": "5-10\u4e07\u5143",
    "marry": "\u672a\u5a5a",
    "edu": "\u5927\u4e13",
    "city": "\u6d59\u6c5f\u676d\u5dde",
    "signature": "\u9017\u903c\u4e00\u679a\uff0c\u6709\u81ea\u5df1\u7684\u60f3\u6cd5",
    "img_src": "http://www.hongniang.com/data/upload/photo/20180824/5b7f7d6df3e9a_original.jpg"
  },
  {
    "title": "\u4f1a\u545810989835",
    "id": "10989835",
    "sex": "\u5973",
    "birth": "1996-09-26",
    "height": 160,
    "income": "5-10\u4e07\u5143",
    "marry": "\u672a\u5a5a",
    "edu": "\u5927\u4e13",
    "city": "\u6d59\u6c5f\u676d\u5dde",
    "signature": "\u6027\u683c\u968f\u548c\uff0c\u597d\u76f8\u5904\uff0c\u672c\u4eba\u6709\u70b9\u989c\u996d\uff0c\u54c8\u54c8",
    "img_src": "http://www.hongniang.com/data/upload/photo/20180826/5b8238a525632_original.jpg"
  },
  {
    "title": "\u4f1a\u545811003222",
    "id": "11003222",
    "sex": "\u5973",
    "birth": "1996-09-26",
    "height": "\u4fdd\u5bc6CM",
    "income": "\u4fdd\u5bc6",
    "marry": "\u672a\u5a5a",
    "edu": "\u4fdd\u5bc6",
    "city": "\u6d59\u6c5f\u676d\u5dde",
    "signature": "Ta\u5f88\u61d2,\u4ec0\u4e48\u90fd\u6ca1\u7559\u4e0b",
    "img_src": "http://www.hongniang.com/data/upload/photo/20180826/5b823e871a8ed_original.jpg"
  },
  {
    "title": "\u4f1a\u545811003092",
    "id": "11003092",
    "sex": "\u7537",
    "birth": "1995-09-26",
    "height": 175,
    "income": "5-10\u4e07\u5143",
    "marry": "\u672a\u5a5a",
    "edu": "\u9ad8\u4e2d\u53ca\u4ee5\u4e0b",
    "city": "\u6d59\u6c5f\u676d\u5dde",
    "signature": "Ta\u5f88\u61d2,\u4ec0\u4e48\u90fd\u6ca1\u7559\u4e0b",
    "img_src": "http://www.hongniang.com/data/upload/photo/20180822/5b7ccbf47abab_original.jpg"
  },
  {
    "title": "\u843d\u96e8iii",
    "id": "11003058",
    "sex": "\u5973",
    "birth": "1995-09-26",
    "height": 165,
    "income": "20-35\u4e07\u5143",
    "marry": "\u672a\u5a5a",
    "edu": "\u5927\u5b66\u672c\u79d1",
    "city": "\u798f\u5efa\u798f\u5dde",
    "signature": "\u771f\u6b63\u7684\u5e78\u798f\u662f\u4e00\u70b9\u4e00\u70b9\u4e89\u53d6\u7684\uff0c\u662f\u4e00\u5929\u4e00\u5929\u79ef\u7d2f\u7684\u3002\u4e0d\u8981\u53bb\u4f24\u5bb3\u559c\u6b22\u4f60\u7684\u4eba\uff0c\u4e5f\u4e0d\u8981\u8ba9\u4f60\u559c\u6b22\u7684\u4eba\u53d7\u4f24\u5bb3\u3002\u6210\u719f\u4e0d\u662f\u770b\u4f60\u7684\u5e74\u9f84\u6709\u591a\u5927\uff0c\u800c\u662f\u770b\u4f60\u7684\u80a9\u8180\u80fd\u6311\u8d77\u591a\u91cd\u7684\u8d23\u4efb\u3002\u559c\u6b22\u4e00\u4e2a\u4eba\u8981\u7528\u5fc3\uff0c\u8bda\u5fc3\u76f8\u5f85\uff0c\u771f\u5fc3\u4ea4\u6d41\uff0c\u6052\u5fc3\u76f8\u5b88\u3002\u4e0d\u8981\u8ba1\u8f83\u592a\u591a\u7684\u5f97\u4e0e\u5931\uff0c\u8981\u5b66\u4f1a\u7528\u4e00\u9897\u5bbd\u5bb9\u7684\u5fc3\u5305\u5bb9\u5bf9\u65b9\u7684\u7f3a\u70b9\u4e0e\u5931\u8bef\u3002",
    "img_src": "http://www.hongniang.com/data/upload/photo/20180821/5b7bf15ba5caf_big.png"
  },
  {
    "title": "\u4f1a\u545811002856",
    "id": "11002856",
    "sex": "\u5973",
    "birth": "1995-09-26",
    "height": 170,
    "income": "1-5\u4e07\u5143",
    "marry": "\u672a\u5a5a",
    "edu": "\u5927\u4e13",
    "city": "\u6d59\u6c5f\u676d\u5dde",
    "signature": "Ta\u5f88\u61d2,\u4ec0\u4e48\u90fd\u6ca1\u7559\u4e0b",
    "img_src": "http://www.hongniang.com/data/upload/photo/20180814/5b72ca6f07b80_original.jpg"
  },
  {
    "title": "\u4f1a\u545811002586",
    "id": "11002586",
    "sex": "\u5973",
    "birth": "1996-09-26",
    "height": 170,
    "income": "1-5\u4e07\u5143",
    "marry": "\u672a\u5a5a",
    "edu": "\u5927\u5b66\u672c\u79d1",
    "city": "\u6d59\u6c5f\u676d\u5dde",
    "signature": "Ta\u5f88\u61d2,\u4ec0\u4e48\u90fd\u6ca1\u7559\u4e0b",
    "img_src": "http://www.hongniang.com/data/upload/photo/20180820/5b7a3b93383f2_original.jpg"
  },
  {
    "title": "\u4f1a\u545811002980",
    "id": "11002980",
    "sex": "\u7537",
    "birth": "1998-09-26",
    "height": 175,
    "income": "5-10\u4e07\u5143",
    "marry": "\u672a\u5a5a",
    "edu": "\u9ad8\u4e2d\u53ca\u4ee5\u4e0b",
    "city": "\u6d59\u6c5f\u676d\u5dde",
    "signature": "\u7f18\u6765\u5c31\u662f\u548c\u4f60\u5728\u4e00\u8d77",
    "img_src": "http://www.hongniang.com/data/upload/photo/20180819/5b78c1b471923_original.jpg"
  },
  {
    "title": "\u4f1a\u545811002896",
    "id": "11002896",
    "sex": "\u5973",
    "birth": "1995-09-26",
    "height": 174,
    "income": "1-5\u4e07\u5143",
    "marry": "\u672a\u5a5a",
    "edu": "\u5927\u4e13",
    "city": "\u6d59\u6c5f\u676d\u5dde",
    "signature": "\u65e0",
    "img_src": "http://www.hongniang.com/data/upload/photo/20180816/5b74f144a0cf0_original.jpg"
  },
  {
    "title": "\u4f1a\u545811002899",
    "id": "11002899",
    "sex": "\u5973",
    "birth": "1996-09-26",
    "height": 154,
    "income": "1-5\u4e07\u5143",
    "marry": "\u672a\u5a5a",
    "edu": "\u5927\u5b66\u672c\u79d1",
    "city": "\u6d59\u6c5f\u676d\u5dde",
    "signature": "Ta\u5f88\u61d2,\u4ec0\u4e48\u90fd\u6ca1\u7559\u4e0b",
    "img_src": "http://www.hongniang.com/data/upload/photo/20180816/5b74fb29dd70d_original.jpg"
  },
  {
    "title": "\u4f1a\u545811002901",
    "id": "11002901",
    "sex": "\u7537",
    "birth": "1995-09-26",
    "height": 177,
    "income": "5-10\u4e07\u5143",
    "marry": "\u672a\u5a5a",
    "edu": "\u5927\u5b66\u672c\u79d1",
    "city": "\u6d59\u6c5f\u676d\u5dde",
    "signature": "\u52aa\u529b\u594b\u6597\u7684\u4e00\u540d\u5355\u8eab\u9752\u5e74\uff0c\u6bcf\u5929\u559c\u6b22\u770b\u4e66\u5b66\u4e60\uff0c\u5065\u8eab\uff0c\u5f39\u5409\u4ed6\u3002\u5982\u679c\u6709\u7f18\u505a\u6211\u7684\u5973\u670b\u53cb\uff0c\u6211\u4f1a\u771f\u5fc3\u5bf9\u5f85\u4f60\u3002",
    "img_src": "http://www.hongniang.com/data/upload/photo/20180816/5b75029ca9272_original.jpg"
  },
  {
    "title": "\u4f1a\u545811002894",
    "id": "11002894",
    "sex": "\u7537",
    "birth": "1999-09-26",
    "height": 172,
    "income": "1-5\u4e07\u5143",
    "marry": "\u672a\u5a5a",
    "edu": "\u5927\u4e13",
    "city": "\u6d59\u6c5f\u676d\u5dde",
    "signature": "\u661f\u661f\u3002 \u6211\u60f3\u7ed9\u4f60",
    "img_src": "http://www.hongniang.com/data/upload/photo/20180816/5b74e71ada384_original.jpg"
  },
  {
    "title": "\u4f1a\u545811002922",
    "id": "11002922",
    "sex": "\u7537",
    "birth": "1995-09-26",
    "height": 173,
    "income": "10-15\u4e07\u5143",
    "marry": "\u672a\u5a5a",
    "edu": "\u9ad8\u4e2d\u53ca\u4ee5\u4e0b",
    "city": "\u6d59\u6c5f\u676d\u5dde",
    "signature": "Ta\u5f88\u61d2,\u4ec0\u4e48\u90fd\u6ca1\u7559\u4e0b",
    "img_src": "http://www.hongniang.com/data/upload/photo/20180816/5b7547bfa5d0c_original.jpg"
  },
  {
    "title": "\u4f1a\u545811002971",
    "id": "11002971",
    "sex": "\u7537",
    "birth": "1996-09-26",
    "height": 175,
    "income": "5-10\u4e07\u5143",
    "marry": "\u672a\u5a5a",
    "edu": "\u4e2d\u4e13",
    "city": "\u897f\u85cf\u62c9\u8428",
    "signature": "\u6211\u53eb\u5362\u98de\uff0c\u6765\u81ea\u8d35\u5dde\u5b89\u987a\uff0c\u73b0\u670d\u5f79\u4e0e\u6b66\u8b66\u897f\u85cf\u603b\u961f\u62c9\u8428\u652f\u961f",
    "img_src": "http://www.hongniang.com/data/upload/photo/20180818/5b782c9af08d3_original.jpg"
  },
  {
    "title": "\u6267",
    "id": "11003003",
    "sex": "\u7537",
    "birth": "1996-09-26",
    "height": 170,
    "income": "5-10\u4e07\u5143",
    "marry": "\u672a\u5a5a",
    "edu": "\u5927\u4e13",
    "city": "\u6d59\u6c5f\u5b81\u6ce2",
    "signature": "\u9047\u89c1\u5c31\u662f\u7f18\u5206\uff0c\u5e0c\u671b\u4e0b\u4e2a\u8f6c\u89d2\u4e0e\u4f60\u76f8\u9047",
    "img_src": "http://www.hongniang.com/data/upload/photo/20180819/5b7988773d637_original.jpg"
  },
  {
    "title": "\u4f1a\u545811001568",
    "id": "11001568",
    "sex": "\u7537",
    "birth": "1995-09-26",
    "height": 176,
    "income": "5-10\u4e07\u5143",
    "marry": "\u672a\u5a5a",
    "edu": "\u5927\u4e13",
    "city": "\u6d59\u6c5f\u676d\u5dde",
    "signature": "Ta\u5f88\u61d2,\u4ec0\u4e48\u90fd\u6ca1\u7559\u4e0b",
    "img_src": "http://www.hongniang.com/data/upload/photo/20180722/5b5461de0115d_original.jpg"
  },
  {
    "title": "\u4f1a\u545811002831",
    "id": "11002831",
    "sex": "\u5973",
    "birth": "1995-09-26",
    "height": 158,
    "income": "5-10\u4e07\u5143",
    "marry": "\u672a\u5a5a",
    "edu": "\u5927\u4e13",
    "city": "\u6d59\u6c5f\u676d\u5dde",
    "signature": "\u5f00\u6717 \u6e29\u67d4 \u81ea\u4fe1 \u5927\u65b9",
    "img_src": "http://www.hongniang.com/data/upload/photo/20180813/5b71939ce0479_original.jpg"
  },
  {
    "title": "\u4f1a\u545811002777",
    "id": "11002777",
    "sex": "\u7537",
    "birth": "1996-09-26",
    "height": 165,
    "income": "1-5\u4e07\u5143",
    "marry": "\u672a\u5a5a",
    "edu": "\u9ad8\u4e2d\u53ca\u4ee5\u4e0b",
    "city": "\u6e56\u5317\u5b9c\u660c",
    "signature": "Ta\u5f88\u61d2,\u4ec0\u4e48\u90fd\u6ca1\u7559\u4e0b",
    "img_src": "http://www.hongniang.com/data/upload/photo/20180811/5b6ec6da2ecc9.jpg"
  },
  {
    "title": "\u4f1a\u545811002794",
    "id": "11002794",
    "sex": "\u7537",
    "birth": "1996-09-26",
    "height": 170,
    "income": "5-10\u4e07\u5143",
    "marry": "\u672a\u5a5a",
    "edu": "\u9ad8\u4e2d\u53ca\u4ee5\u4e0b",
    "city": "\u6c5f\u82cf\u6cf0\u5dde",
    "signature": "Ta\u5f88\u61d2,\u4ec0\u4e48\u90fd\u6ca1\u7559\u4e0b",
    "img_src": "http://www.hongniang.com/data/upload/photo/20180812/5b6fc39f72592.jpg"
  },
  {
    "title": "\u4f1a\u545811002081",
    "id": "11002081",
    "sex": "\u5973",
    "birth": "1995-09-26",
    "height": "\u4fdd\u5bc6CM",
    "income": "\u4fdd\u5bc6",
    "marry": "\u4fdd\u5bc6",
    "edu": "\u4fdd\u5bc6",
    "city": "\u6d59\u6c5f\u676d\u5dde",
    "signature": "Ta\u5f88\u61d2,\u4ec0\u4e48\u90fd\u6ca1\u7559\u4e0b",
    "img_src": "http://www.hongniang.com/data/upload/photo/20180722/5b5416b388c48_original.jpg"
  },
  {
    "title": "\u4f1a\u545811002641",
    "id": "11002641",
    "sex": "\u7537",
    "birth": "1999-09-26",
    "height": 175,
    "income": "1-5\u4e07\u5143",
    "marry": "\u672a\u5a5a",
    "edu": "\u4e2d\u4e13",
    "city": "\u6cb3\u5317\u77f3\u5bb6\u5e84",
    "signature": "\u6211\u53eb\u859b\u54f2",
    "img_src": "http://www.hongniang.com/data/upload/photo/20180806/5b67d2917a91a_original.jpg"
  },
  {
    "title": "\u4f1a\u545811002090",
    "id": "11002090",
    "sex": "\u5973",
    "birth": "1995-09-26",
    "height": 168,
    "income": "5-10\u4e07\u5143",
    "marry": "\u672a\u5a5a",
    "edu": "\u5927\u5b66\u672c\u79d1",
    "city": "\u6d59\u6c5f\u676d\u5dde",
    "signature": "Ta\u5f88\u61d2,\u4ec0\u4e48\u90fd\u6ca1\u7559\u4e0b",
    "img_src": "http://www.hongniang.com/data/upload/photo/20180722/5b541ba41ffd8_original.jpg"
  },
  {
    "title": "\u4f1a\u545811002184",
    "id": "11002184",
    "sex": "\u5973",
    "birth": "1996-09-26",
    "height": 163,
    "income": "10-15\u4e07\u5143",
    "marry": "\u672a\u5a5a",
    "edu": "\u5927\u5b66\u672c\u79d1",
    "city": "\u6d59\u6c5f\u676d\u5dde",
    "signature": "wulala\uff5e",
    "img_src": "http://www.hongniang.com/data/upload/photo/20180723/5b5598bf62896_original.jpg"
  },
  {
    "title": "\u4f1a\u545811001870",
    "id": "11001870",
    "sex": "\u5973",
    "birth": "1995-09-26",
    "height": "\u4fdd\u5bc6CM",
    "income": "\u4fdd\u5bc6",
    "marry": "\u4fdd\u5bc6",
    "edu": "\u4fdd\u5bc6",
    "city": "\u6d59\u6c5f\u676d\u5dde",
    "signature": "Ta\u5f88\u61d2,\u4ec0\u4e48\u90fd\u6ca1\u7559\u4e0b",
    "img_src": "http://www.hongniang.com/data/upload/photo/20180722/5b540b85e5d0a_original.jpg"
  },
  {
    "title": "\u4f1a\u545811002576",
    "id": "11002576",
    "sex": "\u7537",
    "birth": "1998-09-26",
    "height": 172,
    "income": "1-5\u4e07\u5143",
    "marry": "\u672a\u5a5a",
    "edu": "\u9ad8\u4e2d\u53ca\u4ee5\u4e0b",
    "city": "\u6d59\u6c5f\u676d\u5dde",
    "signature": "Ta\u5f88\u61d2,\u4ec0\u4e48\u90fd\u6ca1\u7559\u4e0b",
    "img_src": "http://www.hongniang.com/data/upload/photo/20180804/5b65823a0118c.jpg"
  },
  {
    "title": "\u751c\u871c\u7684\u9634\u8c0b",
    "id": "11002606",
    "sex": "\u5973",
    "birth": "1998-09-26",
    "height": 169,
    "income": "20-35\u4e07\u5143",
    "marry": "\u672a\u5a5a",
    "edu": "\u5927\u5b66\u672c\u79d1",
    "city": "\u8fbd\u5b81\u6c88\u9633",
    "signature": "Ta\u5f88\u61d2,\u4ec0\u4e48\u90fd\u6ca1\u7559\u4e0b",
    "img_src": "http://www.hongniang.com/data/upload/photo/20180805/5b666c100c7d8.jpeg"
  },
  {
    "title": "\u96c5\u83f2\u513f",
    "id": "11002551",
    "sex": "\u5973",
    "birth": "1996-09-26",
    "height": 168,
    "income": "10-15\u4e07\u5143",
    "marry": "\u672a\u5a5a",
    "edu": "\u5927\u5b66\u672c\u79d1",
    "city": "\u4fdd\u5bc6",
    "signature": "Ta\u5f88\u61d2,\u4ec0\u4e48\u90fd\u6ca1\u7559\u4e0b",
    "img_src": "http://www.hongniang.com/data/upload/photo/20180803/5b6401d9464a3_big.png"
  },
  {
    "title": "\u4f1a\u545811002517",
    "id": "11002517",
    "sex": "\u5973",
    "birth": "1995-09-26",
    "height": 164,
    "income": "5-10\u4e07\u5143",
    "marry": "\u672a\u5a5a",
    "edu": "\u5927\u4e13",
    "city": "\u6d59\u6c5f\u676d\u5dde",
    "signature": "\u6bd4\u8f83\u5b85",
    "img_src": "http://www.hongniang.com/data/upload/photo/20180802/5b62d0b32308f_original.jpg"
  },
  {
    "title": "\u4f1a\u545811002399",
    "id": "11002399",
    "sex": "\u7537",
    "birth": "1995-09-26",
    "height": 179,
    "income": "10-15\u4e07\u5143",
    "marry": "\u672a\u5a5a",
    "edu": "\u5927\u4e13",
    "city": "\u5e7f\u4e1c\u6df1\u5733",
    "signature": "\u51fa\u6765\u5de5\u4f5c\u5df2\u7ecf\u5feb\u4e24\u5e74\u4e86\uff0c\u4e00\u76f4\u6ca1\u6709\u9047\u5230\u5408\u9002\u7684\u4eba\uff0c\u5e0c\u671b\u9047\u5230\u90a3\u4e2a\u5979",
    "img_src": "http://www.hongniang.com/data/upload/photo/20180730/5b5e98cd4d1ff.jpeg"
  },
  {
    "title": "\u4f1a\u545811002300",
    "id": "11002300",
    "sex": "\u7537",
    "birth": "1996-09-26",
    "height": 180,
    "income": "1-5\u4e07\u5143",
    "marry": "\u672a\u5a5a",
    "edu": "\u5927\u5b66\u672c\u79d1",
    "city": "\u5b89\u5fbd\u4eb3\u5dde",
    "signature": "\u60f3\u627e\u4e00\u4e2a\u4e00\u8f88\u5b50\u7684\u5973\u4eba",
    "img_src": "http://www.hongniang.com/data/upload/photo/20180727/5b5aafa7cfceb.jpg"
  },
  {
    "title": "\u4f1a\u545811002311",
    "id": "11002311",
    "sex": "\u7537",
    "birth": "1995-09-26",
    "height": 167,
    "income": "5-10\u4e07\u5143",
    "marry": "\u672a\u5a5a",
    "edu": "\u5927\u4e13",
    "city": "\u6d59\u6c5f\u676d\u5dde",
    "signature": "Ta\u5f88\u61d2,\u4ec0\u4e48\u90fd\u6ca1\u7559\u4e0b",
    "img_src": "http://www.hongniang.com/data/upload/photo/20180727/5b5b0a8e0f5a3_original.jpg"
  },
  {
    "title": "\u4f1a\u545810658611",
    "id": "10658611",
    "sex": "\u5973",
    "birth": "1995-09-26",
    "height": 158,
    "income": "5-10\u4e07\u5143",
    "marry": "\u672a\u5a5a",
    "edu": "\u5927\u5b66\u672c\u79d1",
    "city": "\u6d59\u6c5f\u676d\u5dde",
    "signature": "\u672c\u4eba\u4e50\u89c2\u5f00\u6717\uff0c\u6709\u4e00\u70b9\u70b9\u6587\u827a\u5fc3\uff0c\u72ee\u5b50\u5ea7\uff0c\u81ea\u8ba4\u813e\u6c14\u597d\u3002",
    "img_src": "http://www.hongniang.com/data/upload/photo/20180727/5b5b2d72654cf.jpeg"
  },
  {
    "title": "\u4f1a\u545811002019",
    "id": "11002019",
    "sex": "\u5973",
    "birth": "1995-09-26",
    "height": 168,
    "income": "10-15\u4e07\u5143",
    "marry": "\u672a\u5a5a",
    "edu": "\u5927\u5b66\u672c\u79d1",
    "city": "\u6d59\u6c5f\u676d\u5dde",
    "signature": "\u5f00\u6717\u6d3b\u6cfc\uff0c\u7231\u7b11\uff0c\u9ad8\u6311\uff0c\u559c\u6b22\u65c5\u6e38\u3002",
    "img_src": "http://www.hongniang.com/data/upload/photo/20180724/5b56f571ed1fc_original.jpg"
  },
  {
    "title": "\u6d1b\u742a\u742a",
    "id": "10937422",
    "sex": "\u5973",
    "birth": "1995-09-26",
    "height": 165,
    "income": "5-10\u4e07\u5143",
    "marry": "\u672a\u5a5a",
    "edu": "\u5927\u5b66\u672c\u79d1",
    "city": "\u4fdd\u5bc6",
    "signature": "Ta\u5f88\u61d2,\u4ec0\u4e48\u90fd\u6ca1\u7559\u4e0b",
    "img_src": "http://www.hongniang.com/data/upload/photo/20180724/5b56d8d7a8ec9_big.png"
  },
  {
    "title": "\u949f\u7231\u4e00\u4eba",
    "id": "11002183",
    "sex": "\u5973",
    "birth": "1999-09-26",
    "height": 168,
    "income": "10-15\u4e07\u5143",
    "marry": "\u672a\u5a5a",
    "edu": "\u5927\u4e13",
    "city": "\u5e7f\u4e1c\u5e7f\u5dde",
    "signature": "Ta\u5f88\u61d2,\u4ec0\u4e48\u90fd\u6ca1\u7559\u4e0b",
    "img_src": "http://www.hongniang.com/data/upload/photo/20180723/5b558019eadf4_big.png"
  },
  {
    "title": "\u4f1a\u545811002094",
    "id": "11002094",
    "sex": "\u5973",
    "birth": "1996-09-26",
    "height": 158,
    "income": "1-5\u4e07\u5143",
    "marry": "\u672a\u5a5a",
    "edu": "\u5927\u4e13",
    "city": "\u6d59\u6c5f\u676d\u5dde",
    "signature": "Ta\u5f88\u61d2,\u4ec0\u4e48\u90fd\u6ca1\u7559\u4e0b",
    "img_src": "http://www.hongniang.com/data/upload/photo/20180722/5b541da92b880_original.jpg"
  },
  {
    "title": "\u4f1a\u545811001960",
    "id": "11001960",
    "sex": "\u5973",
    "birth": "1995-09-26",
    "height": 165,
    "income": "10-15\u4e07\u5143",
    "marry": "\u672a\u5a5a",
    "edu": "\u5927\u5b66\u672c\u79d1",
    "city": "\u6d59\u6c5f\u676d\u5dde",
    "signature": "Ta\u5f88\u61d2,\u4ec0\u4e48\u90fd\u6ca1\u7559\u4e0b",
    "img_src": "http://www.hongniang.com/data/upload/photo/20180721/5b52e610409e1_original.jpg"
  },
  {
    "title": "_\u60c5\u6df1\u7f18\u6d45",
    "id": "11002230",
    "sex": "\u7537",
    "birth": "1995-09-26",
    "height": 168,
    "income": "5-10\u4e07\u5143",
    "marry": "\u672a\u5a5a",
    "edu": "\u5927\u4e13",
    "city": "\u6d77\u5357\u6d77\u53e3",
    "signature": "Ta\u5f88\u61d2,\u4ec0\u4e48\u90fd\u6ca1\u7559\u4e0b",
    "img_src": "http://www.hongniang.com/data/upload/photo/20180724/5b573bb4b133a_big.png"
  },
  {
    "title": "\u6211\u7684\u90a3\u4e2a",
    "id": "11002133",
    "sex": "\u7537",
    "birth": "1997-09-26",
    "height": 180,
    "income": "1-5\u4e07\u5143",
    "marry": "\u672a\u5a5a",
    "edu": "\u4e2d\u4e13",
    "city": "\u6c5f\u82cf\u5e38\u5dde",
    "signature": "\u4ee5\u524d\u4e3a\u4e86\u5b66\u4e60\u8001\u5988\u4e0d\u8ba9\u8c08\u604b\u7231\uff0c\u73b0\u5728\u4e3a\u4e86\u5de5\u4f5c\u6ca1\u65f6\u95f4\u604b\u7231\uff0c\u968f\u7740\u65f6\u95f4\u7684\u63a8\u79fb\uff0c\u81ea\u5df1\u53d1\u73b0\u5df2\u7ecf\u6b65\u5165\u201c\u5269\u7537\u201d\u7684\u884c\u5217\uff0c\u5176\u5b9e\u81ea\u5df1\u5bf9\u53e6\u4e00\u534a\u7684\u8981\u6c42\u4e5f\u4e0d\u662f\u5f88\u9ad8\uff0c\u53ef\u4ee5\u4e0d\u662f\u5f88\u5e05\uff0c\u53ef\u4ee5\u4e0d\u662f\u5f88\u5bcc\u6709\uff0c\u4f46\u662f\u4e00\u5b9a\u8981\u6709\u4e0a\u8fdb\u5fc3\uff0c\u8d23\u4efb\u5fc3\uff0c\u80fd\u591f\u5b5d\u987a\u8001\u4eba\u5bb6\u4e5f\u5c31\u5dee\u4e0d\u591a\u4e86\u3002\u6211\u5bf9\u672a\u6765\u6709\u5f88\u591a\u61a7\u61ac\u548c\u5e0c\u671b\uff0c\u4f46\u613f\u80fd\u548c\u5fc3\u7231\u7684\u4eba\u4e00\u8d77\u5b9e\u73b0.....",
    "img_src": "http://www.hongniang.com/data/upload/photo/20180722/5b5467b31c14a_big.png"
  },
  {
    "title": "\u5c0f\u4ed9\u5973\u5575",
    "id": "11002107",
    "sex": "\u5973",
    "birth": "1997-09-26",
    "height": 166,
    "income": "10-15\u4e07\u5143",
    "marry": "\u672a\u5a5a",
    "edu": "\u5927\u5b66\u672c\u79d1",
    "city": "\u5c71\u4e1c\u6f4d\u574a",
    "signature": "Ta\u5f88\u61d2,\u4ec0\u4e48\u90fd\u6ca1\u7559\u4e0b",
    "img_src": "http://www.hongniang.com/data/upload/photo/20180722/5b5435ca8faba_big.png"
  },
  {
    "title": "\u4f1a\u545811001308",
    "id": "11001308",
    "sex": "\u7537",
    "birth": "1995-09-26",
    "height": 170,
    "income": "10-15\u4e07\u5143",
    "marry": "\u672a\u5a5a",
    "edu": "\u5927\u4e13",
    "city": "\u6d59\u6c5f\u676d\u5dde",
    "signature": "Ta\u5f88\u61d2,\u4ec0\u4e48\u90fd\u6ca1\u7559\u4e0b",
    "img_src": "http://www.hongniang.com/data/upload/photo/20180711/5b456c31dff77_original.jpg"
  },
  {
    "title": "\u4f1a\u545811001599",
    "id": "11001599",
    "sex": "\u5973",
    "birth": "1995-09-26",
    "height": 168,
    "income": "1-5\u4e07\u5143",
    "marry": "\u672a\u5a5a",
    "edu": "\u5927\u5b66\u672c\u79d1",
    "city": "\u6d59\u6c5f\u676d\u5dde",
    "signature": "\u65e0",
    "img_src": "http://www.hongniang.com/data/upload/photo/20180716/5b4c70cf03deb_original.jpg"
  },
  {
    "title": "\u4f1a\u545811001290",
    "id": "11001290",
    "sex": "\u5973",
    "birth": "1996-09-26",
    "height": 167,
    "income": "\u4fdd\u5bc6",
    "marry": "\u4fdd\u5bc6",
    "edu": "\u5927\u5b66\u672c\u79d1",
    "city": "\u6d59\u6c5f\u676d\u5dde",
    "signature": "Ta\u5f88\u61d2,\u4ec0\u4e48\u90fd\u6ca1\u7559\u4e0b",
    "img_src": "http://www.hongniang.com/data/upload/photo/20180722/5b54147d91c32_original.jpg"
  }
]