[
  {
    "id": "11003056",
    "drink": "\u4fdd\u5bc6",
    "smoke": "\u4fdd\u5bc6",
    "car": "\u6682\u65e0\u8d2d\u8f66\u8ba1\u5212",
    "cook": "\u4fdd\u5bc6",
    "housework": "\u4fdd\u5bc6",
    "parent": "\u4fdd\u5bc6"
  },
  {
    "id": "11003488",
    "drink": "\u4fdd\u5bc6",
    "smoke": "\u4fdd\u5bc6",
    "car": "\u76ee\u524d\u5df2\u6709\u8d2d\u8f66\u8ba1\u5212",
    "cook": "\u4fdd\u5bc6",
    "housework": "\u4fdd\u5bc6",
    "parent": "\u4fdd\u5bc6"
  },
  {
    "id": "11001351",
    "drink": "\u4fdd\u5bc6",
    "smoke": "\u4fdd\u5bc6",
    "car": "\u76ee\u524d\u5df2\u6709\u8d2d\u8f66\u8ba1\u5212",
    "cook": "\u4fdd\u5bc6",
    "housework": "\u4fdd\u5bc6",
    "parent": "\u4fdd\u5bc6"
  },
  {
    "id": "10955534",
    "drink": "\u4fdd\u5bc6",
    "smoke": "\u4fdd\u5bc6",
    "car": "\u4fdd\u5bc6",
    "cook": "\u4fdd\u5bc6",
    "housework": "\u4fdd\u5bc6",
    "parent": "\u4fdd\u5bc6"
  },
  {
    "id": "11004224",
    "drink": "\u4fdd\u5bc6",
    "smoke": "\u4fdd\u5bc6",
    "car": "\u6682\u65e0\u8d2d\u8f66\u8ba1\u5212",
    "cook": "\u4fdd\u5bc6",
    "housework": "\u4fdd\u5bc6",
    "parent": "\u4fdd\u5bc6"
  },
  {
    "id": "10638094",
    "drink": "\u4fdd\u5bc6",
    "smoke": "\u4fdd\u5bc6",
    "car": "\u76ee\u524d\u5df2\u6709\u8d2d\u8f66\u8ba1\u5212",
    "cook": "\u4fdd\u5bc6",
    "housework": "\u4fdd\u5bc6",
    "parent": "\u4fdd\u5bc6"
  },
  {
    "id": "11003303",
    "drink": "\u4fdd\u5bc6",
    "smoke": "\u4fdd\u5bc6",
    "car": "\u6682\u65e0\u8d2d\u8f66\u8ba1\u5212",
    "cook": "\u4fdd\u5bc6",
    "housework": "\u4fdd\u5bc6",
    "parent": "\u4fdd\u5bc6"
  },
  {
    "id": "10965860",
    "drink": "\u4fdd\u5bc6",
    "smoke": "\u4fdd\u5bc6",
    "car": "\u6682\u65e0\u8d2d\u8f66\u8ba1\u5212",
    "cook": "\u4fdd\u5bc6",
    "housework": "\u4fdd\u5bc6",
    "parent": "\u4fdd\u5bc6"
  },
  {
    "id": "11002837",
    "drink": "\u4fdd\u5bc6",
    "smoke": "\u4fdd\u5bc6",
    "car": "\u6682\u65e0\u8d2d\u8f66\u8ba1\u5212",
    "cook": "\u4fdd\u5bc6",
    "housework": "\u4fdd\u5bc6",
    "parent": "\u4fdd\u5bc6"
  },
  {
    "id": "10950421",
    "drink": "\u7a0d\u5fae\u559d\u4e00\u70b9",
    "smoke": "\u4e0d\u5438\u70df",
    "car": "\u6682\u65e0\u8d2d\u8f66\u8ba1\u5212",
    "cook": "\u80fd\u505a\u51e0\u6837\u53ef\u53e3\u7684\u5c0f\u83dc",
    "housework": "\u613f\u627f\u62c5\u5927\u90e8\u5206\u5bb6\u52a1",
    "parent": "\u4e0d\u4e0e\u81ea\u5df1\u7236\u6bcd\u540c\u4f4f"
  },
  {
    "id": "330545",
    "drink": "\u4fdd\u5bc6",
    "smoke": "\u4fdd\u5bc6",
    "car": "\u6682\u65e0\u8d2d\u8f66\u8ba1\u5212",
    "cook": "\u4fdd\u5bc6",
    "housework": "\u4fdd\u5bc6",
    "parent": "\u4fdd\u5bc6"
  },
  {
    "id": "11004138",
    "drink": "\u4fdd\u5bc6",
    "smoke": "\u4fdd\u5bc6",
    "car": "\u4fdd\u5bc6",
    "cook": "\u4fdd\u5bc6",
    "housework": "\u4fdd\u5bc6",
    "parent": "\u4fdd\u5bc6"
  },
  {
    "id": "11004200",
    "drink": "\u7a0d\u5fae\u559d\u4e00\u70b9",
    "smoke": "\u62bd\u5f97\u5f88\u591a",
    "car": "\u6682\u65e0\u8d2d\u8f66\u8ba1\u5212",
    "cook": "\u6709\u5f85\u63d0\u9ad8",
    "housework": "\u613f\u627f\u62c5\u5927\u90e8\u5206\u5bb6\u52a1",
    "parent": "\u4e0d\u4e0e\u81ea\u5df1\u7236\u6bcd\u540c\u4f4f"
  },
  {
    "id": "11004244",
    "drink": "\u4fdd\u5bc6",
    "smoke": "\u4fdd\u5bc6",
    "car": "\u6682\u65e0\u8d2d\u8f66\u8ba1\u5212",
    "cook": "\u4fdd\u5bc6",
    "housework": "\u4fdd\u5bc6",
    "parent": "\u4fdd\u5bc6"
  },
  {
    "id": "11004075",
    "drink": "\u4fdd\u5bc6",
    "smoke": "\u4fdd\u5bc6",
    "car": "\u4fdd\u5bc6",
    "cook": "\u4fdd\u5bc6",
    "housework": "\u4fdd\u5bc6",
    "parent": "\u4fdd\u5bc6"
  },
  {
    "id": "11003993",
    "drink": "\u4fdd\u5bc6",
    "smoke": "\u4fdd\u5bc6",
    "car": "\u4fdd\u5bc6",
    "cook": "\u4fdd\u5bc6",
    "housework": "\u4fdd\u5bc6",
    "parent": "\u4fdd\u5bc6"
  },
  {
    "id": "11004008",
    "drink": "\u53ea\u5728\u793e\u4ea4\u573a\u5408\u559d",
    "smoke": "\u4e0d\u5438\u70df",
    "car": "\u6682\u65e0\u8d2d\u8f66\u8ba1\u5212",
    "cook": "\u80fd\u505a\u51e0\u6837\u53ef\u53e3\u7684\u5c0f\u83dc",
    "housework": "\u770b\u5404\u81ea\u5fd9\u95f2\uff0c\u534f\u5546\u5206\u62c5\u5bb6\u52a1",
    "parent": "\u89c6\u5177\u4f53\u60c5\u51b5\u800c\u5b9a"
  },
  {
    "id": "11004017",
    "drink": "\u4fdd\u5bc6",
    "smoke": "\u4fdd\u5bc6",
    "car": "\u6682\u65e0\u8d2d\u8f66\u8ba1\u5212",
    "cook": "\u4fdd\u5bc6",
    "housework": "\u4fdd\u5bc6",
    "parent": "\u4fdd\u5bc6"
  },
  {
    "id": "11004021",
    "drink": "\u4fdd\u5bc6",
    "smoke": "\u4fdd\u5bc6",
    "car": "\u6682\u65e0\u8d2d\u8f66\u8ba1\u5212",
    "cook": "\u4fdd\u5bc6",
    "housework": "\u4fdd\u5bc6",
    "parent": "\u4fdd\u5bc6"
  },
  {
    "id": "11004025",
    "drink": "\u4fdd\u5bc6",
    "smoke": "\u4fdd\u5bc6",
    "car": "\u6682\u65e0\u8d2d\u8f66\u8ba1\u5212",
    "cook": "\u4fdd\u5bc6",
    "housework": "\u4fdd\u5bc6",
    "parent": "\u4fdd\u5bc6"
  },
  {
    "id": "11003965",
    "drink": "\u4fdd\u5bc6",
    "smoke": "\u4fdd\u5bc6",
    "car": "\u6682\u65e0\u8d2d\u8f66\u8ba1\u5212",
    "cook": "\u4fdd\u5bc6",
    "housework": "\u4fdd\u5bc6",
    "parent": "\u4fdd\u5bc6"
  },
  {
    "id": "11003967",
    "drink": "\u4fdd\u5bc6",
    "smoke": "\u4fdd\u5bc6",
    "car": "\u4fdd\u5bc6",
    "cook": "\u4fdd\u5bc6",
    "housework": "\u4fdd\u5bc6",
    "parent": "\u4fdd\u5bc6"
  },
  {
    "id": "11003966",
    "drink": "\u4fdd\u5bc6",
    "smoke": "\u4fdd\u5bc6",
    "car": "\u6682\u65e0\u8d2d\u8f66\u8ba1\u5212",
    "cook": "\u4fdd\u5bc6",
    "housework": "\u4fdd\u5bc6",
    "parent": "\u4fdd\u5bc6"
  },
  {
    "id": "11004058",
    "drink": "\u4fdd\u5bc6",
    "smoke": "\u4fdd\u5bc6",
    "car": "\u4fdd\u5bc6",
    "cook": "\u4fdd\u5bc6",
    "housework": "\u4fdd\u5bc6",
    "parent": "\u4fdd\u5bc6"
  },
  {
    "id": "11004061",
    "drink": "\u4fdd\u5bc6",
    "smoke": "\u4fdd\u5bc6",
    "car": "\u6682\u65e0\u8d2d\u8f66\u8ba1\u5212",
    "cook": "\u4fdd\u5bc6",
    "housework": "\u4fdd\u5bc6",
    "parent": "\u4fdd\u5bc6"
  },
  {
    "id": "11003890",
    "drink": "\u4fdd\u5bc6",
    "smoke": "\u4fdd\u5bc6",
    "car": "\u76ee\u524d\u5df2\u6709\u8d2d\u8f66\u8ba1\u5212",
    "cook": "\u4fdd\u5bc6",
    "housework": "\u4fdd\u5bc6",
    "parent": "\u4fdd\u5bc6"
  },
  {
    "id": "11003880",
    "drink": "\u4fdd\u5bc6",
    "smoke": "\u4fdd\u5bc6",
    "car": "\u6682\u65e0\u8d2d\u8f66\u8ba1\u5212",
    "cook": "\u4fdd\u5bc6",
    "housework": "\u4fdd\u5bc6",
    "parent": "\u4fdd\u5bc6"
  },
  {
    "id": "11003830",
    "drink": "\u7a0d\u5fae\u559d\u4e00\u70b9",
    "smoke": "\u4e0d\u5438\u70df",
    "car": "\u6682\u65e0\u8d2d\u8f66\u8ba1\u5212",
    "cook": "\u80fd\u505a\u51e0\u6837\u53ef\u53e3\u7684\u5c0f\u83dc",
    "housework": "\u770b\u5404\u81ea\u5fd9\u95f2\uff0c\u534f\u5546\u5206\u62c5\u5bb6\u52a1",
    "parent": "\u89c6\u5177\u4f53\u60c5\u51b5\u800c\u5b9a"
  },
  {
    "id": "11003832",
    "drink": "\u53ea\u5728\u793e\u4ea4\u573a\u5408\u559d",
    "smoke": "\u4e0d\u5438\u70df",
    "car": "\u76ee\u524d\u5df2\u6709\u8d2d\u8f66\u8ba1\u5212",
    "cook": "\u6709\u5f85\u63d0\u9ad8",
    "housework": "\u5e0c\u671b\u5bf9\u65b9\u627f\u62c5\u5927\u90e8\u5206\u5bb6\u52a1",
    "parent": "\u89c6\u5177\u4f53\u60c5\u51b5\u800c\u5b9a"
  },
  {
    "id": "10957756",
    "drink": "\u4fdd\u5bc6",
    "smoke": "\u4fdd\u5bc6",
    "car": "\u76ee\u524d\u5df2\u6709\u8d2d\u8f66\u8ba1\u5212",
    "cook": "\u4fdd\u5bc6",
    "housework": "\u4fdd\u5bc6",
    "parent": "\u4fdd\u5bc6"
  },
  {
    "id": "11003087",
    "drink": "\u4fdd\u5bc6",
    "smoke": "\u4fdd\u5bc6",
    "car": "\u76ee\u524d\u5df2\u6709\u8d2d\u8f66\u8ba1\u5212",
    "cook": "\u4fdd\u5bc6",
    "housework": "\u4fdd\u5bc6",
    "parent": "\u4fdd\u5bc6"
  },
  {
    "id": "11003795",
    "drink": "\u4fdd\u5bc6",
    "smoke": "\u4fdd\u5bc6",
    "car": "\u4fdd\u5bc6",
    "cook": "\u4fdd\u5bc6",
    "housework": "\u4fdd\u5bc6",
    "parent": "\u4fdd\u5bc6"
  },
  {
    "id": "11003117",
    "drink": "\u4fdd\u5bc6",
    "smoke": "\u4fdd\u5bc6",
    "car": "\u76ee\u524d\u5df2\u6709\u8d2d\u8f66\u8ba1\u5212",
    "cook": "\u4fdd\u5bc6",
    "housework": "\u4fdd\u5bc6",
    "parent": "\u4fdd\u5bc6"
  },
  {
    "id": "11003782",
    "drink": "\u4fdd\u5bc6",
    "smoke": "\u4fdd\u5bc6",
    "car": "\u4fdd\u5bc6",
    "cook": "\u4fdd\u5bc6",
    "housework": "\u4fdd\u5bc6",
    "parent": "\u4fdd\u5bc6"
  },
  {
    "id": "11003082",
    "drink": "\u4fdd\u5bc6",
    "smoke": "\u4fdd\u5bc6",
    "car": "\u76ee\u524d\u5df2\u6709\u8d2d\u8f66\u8ba1\u5212",
    "cook": "\u4fdd\u5bc6",
    "housework": "\u4fdd\u5bc6",
    "parent": "\u4fdd\u5bc6"
  },
  {
    "id": "11003757",
    "drink": "\u4fdd\u5bc6",
    "smoke": "\u4fdd\u5bc6",
    "car": "\u4fdd\u5bc6",
    "cook": "\u4fdd\u5bc6",
    "housework": "\u4fdd\u5bc6",
    "parent": "\u4fdd\u5bc6"
  },
  {
    "id": "11003677",
    "drink": "\u4fdd\u5bc6",
    "smoke": "\u4fdd\u5bc6",
    "car": "\u4fdd\u5bc6",
    "cook": "\u4fdd\u5bc6",
    "housework": "\u4fdd\u5bc6",
    "parent": "\u4fdd\u5bc6"
  },
  {
    "id": "11003102",
    "drink": "\u4fdd\u5bc6",
    "smoke": "\u4fdd\u5bc6",
    "car": "\u6682\u65e0\u8d2d\u8f66\u8ba1\u5212",
    "cook": "\u4fdd\u5bc6",
    "housework": "\u4fdd\u5bc6",
    "parent": "\u4fdd\u5bc6"
  },
  {
    "id": "11003119",
    "drink": "\u4fdd\u5bc6",
    "smoke": "\u4fdd\u5bc6",
    "car": "\u6682\u65e0\u8d2d\u8f66\u8ba1\u5212",
    "cook": "\u4fdd\u5bc6",
    "housework": "\u4fdd\u5bc6",
    "parent": "\u4fdd\u5bc6"
  },
  {
    "id": "11003813",
    "drink": "\u4fdd\u5bc6",
    "smoke": "\u4fdd\u5bc6",
    "car": "\u4fdd\u5bc6",
    "cook": "\u4fdd\u5bc6",
    "housework": "\u4fdd\u5bc6",
    "parent": "\u4fdd\u5bc6"
  },
  {
    "id": "11003712",
    "drink": "\u7a0d\u5fae\u559d\u4e00\u70b9",
    "smoke": "\u53ea\u5728\u793e\u4ea4\u573a\u5408\u62bd",
    "car": "\u76ee\u524d\u5df2\u6709\u8d2d\u8f66\u8ba1\u5212",
    "cook": "\u6709\u5f85\u63d0\u9ad8",
    "housework": "\u770b\u5404\u81ea\u5fd9\u95f2\uff0c\u534f\u5546\u5206\u62c5\u5bb6\u52a1",
    "parent": "\u89c6\u5177\u4f53\u60c5\u51b5\u800c\u5b9a"
  },
  {
    "id": "11003697",
    "drink": "\u4fdd\u5bc6",
    "smoke": "\u4fdd\u5bc6",
    "car": "\u76ee\u524d\u5df2\u6709\u8d2d\u8f66\u8ba1\u5212",
    "cook": "\u4fdd\u5bc6",
    "housework": "\u4fdd\u5bc6",
    "parent": "\u4fdd\u5bc6"
  },
  {
    "id": "11003491",
    "drink": "\u4fdd\u5bc6",
    "smoke": "\u4fdd\u5bc6",
    "car": "\u6682\u65e0\u8d2d\u8f66\u8ba1\u5212",
    "cook": "\u4fdd\u5bc6",
    "housework": "\u4fdd\u5bc6",
    "parent": "\u4fdd\u5bc6"
  },
  {
    "id": "11003578",
    "drink": "\u4fdd\u5bc6",
    "smoke": "\u4fdd\u5bc6",
    "car": "\u6682\u65e0\u8d2d\u8f66\u8ba1\u5212",
    "cook": "\u4fdd\u5bc6",
    "housework": "\u4fdd\u5bc6",
    "parent": "\u4fdd\u5bc6"
  },
  {
    "id": "11003508",
    "drink": "\u4fdd\u5bc6",
    "smoke": "\u4fdd\u5bc6",
    "car": "\u4fdd\u5bc6",
    "cook": "\u4fdd\u5bc6",
    "housework": "\u4fdd\u5bc6",
    "parent": "\u4fdd\u5bc6"
  },
  {
    "id": "11003497",
    "drink": "\u4fdd\u5bc6",
    "smoke": "\u4fdd\u5bc6",
    "car": "\u6682\u65e0\u8d2d\u8f66\u8ba1\u5212",
    "cook": "\u4fdd\u5bc6",
    "housework": "\u4fdd\u5bc6",
    "parent": "\u4fdd\u5bc6"
  },
  {
    "id": "11003448",
    "drink": "\u4fdd\u5bc6",
    "smoke": "\u4fdd\u5bc6",
    "car": "\u6682\u65e0\u8d2d\u8f66\u8ba1\u5212",
    "cook": "\u4fdd\u5bc6",
    "housework": "\u4fdd\u5bc6",
    "parent": "\u4fdd\u5bc6"
  },
  {
    "id": "11003450",
    "drink": "\u4fdd\u5bc6",
    "smoke": "\u4fdd\u5bc6",
    "car": "\u6682\u65e0\u8d2d\u8f66\u8ba1\u5212",
    "cook": "\u4fdd\u5bc6",
    "housework": "\u4fdd\u5bc6",
    "parent": "\u4fdd\u5bc6"
  },
  {
    "id": "11003067",
    "drink": "\u4fdd\u5bc6",
    "smoke": "\u4fdd\u5bc6",
    "car": "\u4fdd\u5bc6",
    "cook": "\u4fdd\u5bc6",
    "housework": "\u4fdd\u5bc6",
    "parent": "\u4fdd\u5bc6"
  },
  {
    "id": "11003010",
    "drink": "\u4fdd\u5bc6",
    "smoke": "\u4fdd\u5bc6",
    "car": "\u6682\u65e0\u8d2d\u8f66\u8ba1\u5212",
    "cook": "\u4fdd\u5bc6",
    "housework": "\u4fdd\u5bc6",
    "parent": "\u4fdd\u5bc6"
  },
  {
    "id": "10576818",
    "drink": "\u4fdd\u5bc6",
    "smoke": "\u4fdd\u5bc6",
    "car": "\u76ee\u524d\u5df2\u6709\u8d2d\u8f66\u8ba1\u5212",
    "cook": "\u4fdd\u5bc6",
    "housework": "\u4fdd\u5bc6",
    "parent": "\u4fdd\u5bc6"
  },
  {
    "id": "11003410",
    "drink": "\u4fdd\u5bc6",
    "smoke": "\u4fdd\u5bc6",
    "car": "\u4fdd\u5bc6",
    "cook": "\u4fdd\u5bc6",
    "housework": "\u4fdd\u5bc6",
    "parent": "\u4fdd\u5bc6"
  },
  {
    "id": "11003104",
    "drink": "\u4fdd\u5bc6",
    "smoke": "\u4fdd\u5bc6",
    "car": "\u6682\u65e0\u8d2d\u8f66\u8ba1\u5212",
    "cook": "\u4fdd\u5bc6",
    "housework": "\u4fdd\u5bc6",
    "parent": "\u4fdd\u5bc6"
  },
  {
    "id": "11003100",
    "drink": "\u4fdd\u5bc6",
    "smoke": "\u4fdd\u5bc6",
    "car": "\u6682\u65e0\u8d2d\u8f66\u8ba1\u5212",
    "cook": "\u4fdd\u5bc6",
    "housework": "\u4fdd\u5bc6",
    "parent": "\u4fdd\u5bc6"
  },
  {
    "id": "11003098",
    "drink": "\u4fdd\u5bc6",
    "smoke": "\u4fdd\u5bc6",
    "car": "\u76ee\u524d\u5df2\u6709\u8d2d\u8f66\u8ba1\u5212",
    "cook": "\u4fdd\u5bc6",
    "housework": "\u4fdd\u5bc6",
    "parent": "\u4fdd\u5bc6"
  },
  {
    "id": "11003053",
    "drink": "\u4fdd\u5bc6",
    "smoke": "\u4fdd\u5bc6",
    "car": "\u6682\u65e0\u8d2d\u8f66\u8ba1\u5212",
    "cook": "\u4fdd\u5bc6",
    "housework": "\u4fdd\u5bc6",
    "parent": "\u4fdd\u5bc6"
  },
  {
    "id": "11003290",
    "drink": "\u4fdd\u5bc6",
    "smoke": "\u4fdd\u5bc6",
    "car": "\u6682\u65e0\u8d2d\u8f66\u8ba1\u5212",
    "cook": "\u4fdd\u5bc6",
    "housework": "\u4fdd\u5bc6",
    "parent": "\u4fdd\u5bc6"
  },
  {
    "id": "10989835",
    "drink": "\u4fdd\u5bc6",
    "smoke": "\u4fdd\u5bc6",
    "car": "\u6682\u65e0\u8d2d\u8f66\u8ba1\u5212",
    "cook": "\u8272\u9999\u5473\u4ff1\u5168",
    "housework": "\u770b\u5404\u81ea\u5fd9\u95f2\uff0c\u534f\u5546\u5206\u62c5\u5bb6\u52a1",
    "parent": "\u4fdd\u5bc6"
  },
  {
    "id": "11003222",
    "drink": "\u4fdd\u5bc6",
    "smoke": "\u4fdd\u5bc6",
    "car": "\u4fdd\u5bc6",
    "cook": "\u4fdd\u5bc6",
    "housework": "\u4fdd\u5bc6",
    "parent": "\u4fdd\u5bc6"
  },
  {
    "id": "11003092",
    "drink": "\u4fdd\u5bc6",
    "smoke": "\u4fdd\u5bc6",
    "car": "\u6682\u65e0\u8d2d\u8f66\u8ba1\u5212",
    "cook": "\u4fdd\u5bc6",
    "housework": "\u4fdd\u5bc6",
    "parent": "\u4fdd\u5bc6"
  },
  {
    "id": "11003058",
    "drink": "\u7a0d\u5fae\u559d\u4e00\u70b9",
    "smoke": "\u4e0d\u5438\u70df",
    "car": "\u6682\u65e0\u8d2d\u8f66\u8ba1\u5212",
    "cook": "\u80fd\u505a\u51e0\u6837\u53ef\u53e3\u7684\u5c0f\u83dc",
    "housework": "\u770b\u5404\u81ea\u5fd9\u95f2\uff0c\u534f\u5546\u5206\u62c5\u5bb6\u52a1",
    "parent": "\u89c6\u5177\u4f53\u60c5\u51b5\u800c\u5b9a"
  },
  {
    "id": "11002856",
    "drink": "\u4fdd\u5bc6",
    "smoke": "\u4fdd\u5bc6",
    "car": "\u6682\u65e0\u8d2d\u8f66\u8ba1\u5212",
    "cook": "\u4fdd\u5bc6",
    "housework": "\u4fdd\u5bc6",
    "parent": "\u4fdd\u5bc6"
  },
  {
    "id": "11002586",
    "drink": "\u4fdd\u5bc6",
    "smoke": "\u4fdd\u5bc6",
    "car": "\u6682\u65e0\u8d2d\u8f66\u8ba1\u5212",
    "cook": "\u4fdd\u5bc6",
    "housework": "\u4fdd\u5bc6",
    "parent": "\u4fdd\u5bc6"
  },
  {
    "id": "11002980",
    "drink": "\u4fdd\u5bc6",
    "smoke": "\u4fdd\u5bc6",
    "car": "\u6682\u65e0\u8d2d\u8f66\u8ba1\u5212",
    "cook": "\u4fdd\u5bc6",
    "housework": "\u4fdd\u5bc6",
    "parent": "\u4fdd\u5bc6"
  },
  {
    "id": "11002896",
    "drink": "\u4fdd\u5bc6",
    "smoke": "\u4fdd\u5bc6",
    "car": "\u6682\u65e0\u8d2d\u8f66\u8ba1\u5212",
    "cook": "\u4fdd\u5bc6",
    "housework": "\u4fdd\u5bc6",
    "parent": "\u4fdd\u5bc6"
  },
  {
    "id": "11002899",
    "drink": "\u4fdd\u5bc6",
    "smoke": "\u4fdd\u5bc6",
    "car": "\u6682\u65e0\u8d2d\u8f66\u8ba1\u5212",
    "cook": "\u4fdd\u5bc6",
    "housework": "\u4fdd\u5bc6",
    "parent": "\u4fdd\u5bc6"
  },
  {
    "id": "11002901",
    "drink": "\u4fdd\u5bc6",
    "smoke": "\u4fdd\u5bc6",
    "car": "\u6682\u65e0\u8d2d\u8f66\u8ba1\u5212",
    "cook": "\u4fdd\u5bc6",
    "housework": "\u4fdd\u5bc6",
    "parent": "\u4fdd\u5bc6"
  },
  {
    "id": "11002894",
    "drink": "\u4fdd\u5bc6",
    "smoke": "\u4fdd\u5bc6",
    "car": "\u6682\u65e0\u8d2d\u8f66\u8ba1\u5212",
    "cook": "\u4fdd\u5bc6",
    "housework": "\u4fdd\u5bc6",
    "parent": "\u4fdd\u5bc6"
  },
  {
    "id": "11002922",
    "drink": "\u4fdd\u5bc6",
    "smoke": "\u4fdd\u5bc6",
    "car": "\u6682\u65e0\u8d2d\u8f66\u8ba1\u5212",
    "cook": "\u4fdd\u5bc6",
    "housework": "\u4fdd\u5bc6",
    "parent": "\u4fdd\u5bc6"
  },
  {
    "id": "11002971",
    "drink": "\u4fdd\u5bc6",
    "smoke": "\u4fdd\u5bc6",
    "car": "\u6682\u65e0\u8d2d\u8f66\u8ba1\u5212",
    "cook": "\u4fdd\u5bc6",
    "housework": "\u4fdd\u5bc6",
    "parent": "\u4fdd\u5bc6"
  },
  {
    "id": "11003003",
    "drink": "\u4fdd\u5bc6",
    "smoke": "\u4fdd\u5bc6",
    "car": "\u6682\u65e0\u8d2d\u8f66\u8ba1\u5212",
    "cook": "\u4fdd\u5bc6",
    "housework": "\u4fdd\u5bc6",
    "parent": "\u4fdd\u5bc6"
  },
  {
    "id": "11001568",
    "drink": "\u4fdd\u5bc6",
    "smoke": "\u4fdd\u5bc6",
    "car": "\u4fdd\u5bc6",
    "cook": "\u4fdd\u5bc6",
    "housework": "\u4fdd\u5bc6",
    "parent": "\u4fdd\u5bc6"
  },
  {
    "id": "11002831",
    "drink": "\u4fdd\u5bc6",
    "smoke": "\u4fdd\u5bc6",
    "car": "\u6682\u65e0\u8d2d\u8f66\u8ba1\u5212",
    "cook": "\u4fdd\u5bc6",
    "housework": "\u4fdd\u5bc6",
    "parent": "\u4fdd\u5bc6"
  },
  {
    "id": "11002777",
    "drink": "\u4fdd\u5bc6",
    "smoke": "\u4fdd\u5bc6",
    "car": "\u6682\u65e0\u8d2d\u8f66\u8ba1\u5212",
    "cook": "\u4fdd\u5bc6",
    "housework": "\u4fdd\u5bc6",
    "parent": "\u4fdd\u5bc6"
  },
  {
    "id": "11002794",
    "drink": "\u4fdd\u5bc6",
    "smoke": "\u4fdd\u5bc6",
    "car": "\u6682\u65e0\u8d2d\u8f66\u8ba1\u5212",
    "cook": "\u4fdd\u5bc6",
    "housework": "\u4fdd\u5bc6",
    "parent": "\u4fdd\u5bc6"
  },
  {
    "id": "11002081",
    "drink": "\u4fdd\u5bc6",
    "smoke": "\u4fdd\u5bc6",
    "car": "\u4fdd\u5bc6",
    "cook": "\u4fdd\u5bc6",
    "housework": "\u4fdd\u5bc6",
    "parent": "\u4fdd\u5bc6"
  },
  {
    "id": "11002641",
    "drink": "\u4fdd\u5bc6",
    "smoke": "\u4fdd\u5bc6",
    "car": "\u6682\u65e0\u8d2d\u8f66\u8ba1\u5212",
    "cook": "\u4fdd\u5bc6",
    "housework": "\u4fdd\u5bc6",
    "parent": "\u4fdd\u5bc6"
  },
  {
    "id": "11002090",
    "drink": "\u4fdd\u5bc6",
    "smoke": "\u4fdd\u5bc6",
    "car": "\u6682\u65e0\u8d2d\u8f66\u8ba1\u5212",
    "cook": "\u4fdd\u5bc6",
    "housework": "\u4fdd\u5bc6",
    "parent": "\u4fdd\u5bc6"
  },
  {
    "id": "11002184",
    "drink": "\u4fdd\u5bc6",
    "smoke": "\u4fdd\u5bc6",
    "car": "\u6682\u65e0\u8d2d\u8f66\u8ba1\u5212",
    "cook": "\u4fdd\u5bc6",
    "housework": "\u4fdd\u5bc6",
    "parent": "\u4fdd\u5bc6"
  },
  {
    "id": "11001870",
    "drink": "\u4fdd\u5bc6",
    "smoke": "\u4fdd\u5bc6",
    "car": "\u4fdd\u5bc6",
    "cook": "\u4fdd\u5bc6",
    "housework": "\u4fdd\u5bc6",
    "parent": "\u4fdd\u5bc6"
  },
  {
    "id": "11002576",
    "drink": "\u4fdd\u5bc6",
    "smoke": "\u4fdd\u5bc6",
    "car": "\u76ee\u524d\u5df2\u6709\u8d2d\u8f66\u8ba1\u5212",
    "cook": "\u4fdd\u5bc6",
    "housework": "\u4fdd\u5bc6",
    "parent": "\u4fdd\u5bc6"
  },
  {
    "id": "11002606",
    "drink": "\u4fdd\u5bc6",
    "smoke": "\u4fdd\u5bc6",
    "car": "\u4fdd\u5bc6",
    "cook": "\u4fdd\u5bc6",
    "housework": "\u4fdd\u5bc6",
    "parent": "\u4fdd\u5bc6"
  },
  {
    "id": "11002551",
    "drink": "\u7a0d\u5fae\u559d\u4e00\u70b9",
    "smoke": "\u4e0d\u5438\u70df",
    "car": "\u76ee\u524d\u5df2\u6709\u8d2d\u8f66\u8ba1\u5212",
    "cook": "\u8272\u9999\u5473\u4ff1\u5168",
    "housework": "\u613f\u627f\u62c5\u5927\u90e8\u5206\u5bb6\u52a1",
    "parent": "\u89c6\u5177\u4f53\u60c5\u51b5\u800c\u5b9a"
  },
  {
    "id": "11002517",
    "drink": "\u4fdd\u5bc6",
    "smoke": "\u4fdd\u5bc6",
    "car": "\u6682\u65e0\u8d2d\u8f66\u8ba1\u5212",
    "cook": "\u4fdd\u5bc6",
    "housework": "\u4fdd\u5bc6",
    "parent": "\u4fdd\u5bc6"
  },
  {
    "id": "11002399",
    "drink": "\u4fdd\u5bc6",
    "smoke": "\u4fdd\u5bc6",
    "car": "\u76ee\u524d\u5df2\u6709\u8d2d\u8f66\u8ba1\u5212",
    "cook": "\u4fdd\u5bc6",
    "housework": "\u4fdd\u5bc6",
    "parent": "\u4fdd\u5bc6"
  },
  {
    "id": "11002300",
    "drink": "\u4fdd\u5bc6",
    "smoke": "\u4fdd\u5bc6",
    "car": "\u4fdd\u5bc6",
    "cook": "\u4fdd\u5bc6",
    "housework": "\u4fdd\u5bc6",
    "parent": "\u4fdd\u5bc6"
  },
  {
    "id": "11002311",
    "drink": "\u4fdd\u5bc6",
    "smoke": "\u4fdd\u5bc6",
    "car": "\u6682\u65e0\u8d2d\u8f66\u8ba1\u5212",
    "cook": "\u4fdd\u5bc6",
    "housework": "\u4fdd\u5bc6",
    "parent": "\u4fdd\u5bc6"
  },
  {
    "id": "10658611",
    "drink": "\u4fdd\u5bc6",
    "smoke": "\u4fdd\u5bc6",
    "car": "\u6682\u65e0\u8d2d\u8f66\u8ba1\u5212",
    "cook": "\u4fdd\u5bc6",
    "housework": "\u4fdd\u5bc6",
    "parent": "\u4fdd\u5bc6"
  },
  {
    "id": "11002019",
    "drink": "\u4fdd\u5bc6",
    "smoke": "\u4fdd\u5bc6",
    "car": "\u6682\u65e0\u8d2d\u8f66\u8ba1\u5212",
    "cook": "\u4fdd\u5bc6",
    "housework": "\u4fdd\u5bc6",
    "parent": "\u4fdd\u5bc6"
  },
  {
    "id": "10937422",
    "drink": "\u7a0d\u5fae\u559d\u4e00\u70b9",
    "smoke": "\u4e0d\u5438\u70df",
    "car": "\u6682\u65e0\u8d2d\u8f66\u8ba1\u5212",
    "cook": "\u80fd\u505a\u51e0\u6837\u53ef\u53e3\u7684\u5c0f\u83dc",
    "housework": "\u770b\u5404\u81ea\u5fd9\u95f2\uff0c\u534f\u5546\u5206\u62c5\u5bb6\u52a1",
    "parent": "\u4fdd\u5bc6"
  },
  {
    "id": "11002183",
    "drink": "\u4fdd\u5bc6",
    "smoke": "\u4fdd\u5bc6",
    "car": "\u4fdd\u5bc6",
    "cook": "\u4fdd\u5bc6",
    "housework": "\u4fdd\u5bc6",
    "parent": "\u4fdd\u5bc6"
  },
  {
    "id": "11002094",
    "drink": "\u4fdd\u5bc6",
    "smoke": "\u4fdd\u5bc6",
    "car": "\u6682\u65e0\u8d2d\u8f66\u8ba1\u5212",
    "cook": "\u4fdd\u5bc6",
    "housework": "\u4fdd\u5bc6",
    "parent": "\u4fdd\u5bc6"
  },
  {
    "id": "11001960",
    "drink": "\u4fdd\u5bc6",
    "smoke": "\u4fdd\u5bc6",
    "car": "\u76ee\u524d\u5df2\u6709\u8d2d\u8f66\u8ba1\u5212",
    "cook": "\u4fdd\u5bc6",
    "housework": "\u4fdd\u5bc6",
    "parent": "\u4fdd\u5bc6"
  },
  {
    "id": "11002230",
    "drink": "\u4fdd\u5bc6",
    "smoke": "\u4fdd\u5bc6",
    "car": "\u4fdd\u5bc6",
    "cook": "\u4fdd\u5bc6",
    "housework": "\u4fdd\u5bc6",
    "parent": "\u4fdd\u5bc6"
  },
  {
    "id": "11002133",
    "drink": "\u4e0d\u559d\u9152",
    "smoke": "\u4e0d\u5438\u70df",
    "car": "\u76ee\u524d\u5df2\u6709\u8d2d\u8f66\u8ba1\u5212",
    "cook": "\u80fd\u505a\u51e0\u6837\u53ef\u53e3\u7684\u5c0f\u83dc",
    "housework": "\u770b\u5404\u81ea\u5fd9\u95f2\uff0c\u534f\u5546\u5206\u62c5\u5bb6\u52a1",
    "parent": "\u4e0e\u81ea\u5df1\u7236\u6bcd\u540c\u4f4f"
  },
  {
    "id": "11002107",
    "drink": "\u4fdd\u5bc6",
    "smoke": "\u4fdd\u5bc6",
    "car": "\u4fdd\u5bc6",
    "cook": "\u4fdd\u5bc6",
    "housework": "\u4fdd\u5bc6",
    "parent": "\u4fdd\u5bc6"
  },
  {
    "id": "11001308",
    "drink": "\u4fdd\u5bc6",
    "smoke": "\u4fdd\u5bc6",
    "car": "\u76ee\u524d\u5df2\u6709\u8d2d\u8f66\u8ba1\u5212",
    "cook": "\u4fdd\u5bc6",
    "housework": "\u4fdd\u5bc6",
    "parent": "\u4fdd\u5bc6"
  },
  {
    "id": "11001599",
    "drink": "\u4fdd\u5bc6",
    "smoke": "\u4fdd\u5bc6",
    "car": "\u6682\u65e0\u8d2d\u8f66\u8ba1\u5212",
    "cook": "\u4fdd\u5bc6",
    "housework": "\u4fdd\u5bc6",
    "parent": "\u4fdd\u5bc6"
  },
  {
    "id": "11001290",
    "drink": "\u4fdd\u5bc6",
    "smoke": "\u4fdd\u5bc6",
    "car": "\u4fdd\u5bc6",
    "cook": "\u4fdd\u5bc6",
    "housework": "\u4fdd\u5bc6",
    "parent": "\u4fdd\u5bc6"
  }
]