[
  {
    "id": "11003357",
    "addr": "\u8bf7\u9009\u62e9",
    "weight": 90,
    "constellation": "\u4fdd\u5bc6",
    "blood": "O\u578b",
    "nation": "\u6c49\u65cf",
    "profession": "\u4fdd\u5bc6",
    "house": "\u5355\u4f4d\u5bbf\u820d",
    "school": "\u4fdd\u5bc6",
    "children": "\u6709\uff0c\u4f46\u4e0d\u5728\u8eab\u8fb9"
  },
  {
    "id": "10955534",
    "addr": "\u4fdd\u5bc6",
    "weight": "\u4fdd\u5bc6",
    "constellation": "\u4fdd\u5bc6",
    "blood": "O\u578b",
    "nation": "\u4fdd\u5bc6",
    "profession": "\u4fdd\u5bc6",
    "house": "\u5df2\u8d2d\u623f",
    "school": "\u4fdd\u5bc6",
    "children": "\u6ca1\u6709"
  },
  {
    "id": "11000027",
    "addr": "\u6e56\u5317\u8346\u95e8",
    "weight": 44,
    "constellation": "\u4fdd\u5bc6",
    "blood": "O\u578b",
    "nation": "\u6c49\u65cf",
    "profession": "\u81ea\u7531\u804c\u4e1a",
    "house": "\u5df2\u8d2d\u623f",
    "school": "\u4fdd\u5bc6",
    "children": "\u4fdd\u5bc6"
  },
  {
    "id": "10733584",
    "addr": "\u5b89\u5fbd\u5b89\u5e86",
    "weight": 74,
    "constellation": "\u5de8\u87f9\u5ea7",
    "blood": "B\u578b",
    "nation": "\u6c49\u65cf",
    "profession": "\u5efa\u7b51/\u623f\u5730\u4ea7",
    "house": "\u5df2\u8d2d\u623f",
    "school": "\u4fdd\u5bc6",
    "children": "\u6709\uff0c\u6211\u4eec\u5076\u5c14\u4e00\u8d77\u4f4f"
  },
  {
    "id": "11004224",
    "addr": "\u6d59\u6c5f\u676d\u5dde",
    "weight": 48,
    "constellation": "\u4fdd\u5bc6",
    "blood": "O\u578b",
    "nation": "\u4fdd\u5bc6",
    "profession": "\u533b\u7597/\u62a4\u7406",
    "house": "\u5355\u4f4d\u5bbf\u820d",
    "school": "\u4fdd\u5bc6",
    "children": "\u4fdd\u5bc6"
  },
  {
    "id": "10638094",
    "addr": "\u6d59\u6c5f\u6e29\u5dde",
    "weight": 70,
    "constellation": "\u4fdd\u5bc6",
    "blood": "O\u578b",
    "nation": "\u4fdd\u5bc6",
    "profession": "\u8ba1\u7b97\u673a/\u4e92\u8054\u7f51",
    "house": "\u79df\u623f",
    "school": "\u4fdd\u5bc6",
    "children": "\u4fdd\u5bc6"
  },
  {
    "id": "11003303",
    "addr": "\u8fbd\u5b81\u671d\u9633",
    "weight": 65,
    "constellation": "\u4fdd\u5bc6",
    "blood": "O\u578b",
    "nation": "\u4fdd\u5bc6",
    "profession": "\u5176\u4ed6\u884c\u4e1a",
    "house": "\u4fdd\u5bc6",
    "school": "\u4fdd\u5bc6",
    "children": "\u4fdd\u5bc6"
  },
  {
    "id": "10965860",
    "addr": "\u8d35\u5dde\u6bd5\u8282",
    "weight": 49,
    "constellation": "\u4fdd\u5bc6",
    "blood": "O\u578b",
    "nation": "\u6c49\u65cf",
    "profession": "\u751f\u4ea7/\u5236\u9020",
    "house": "\u5355\u4f4d\u5bbf\u820d",
    "school": "\u4fdd\u5bc6",
    "children": "\u4fdd\u5bc6"
  },
  {
    "id": "11002837",
    "addr": "\u798f\u5efa\u798f\u5dde",
    "weight": 70,
    "constellation": "\u4fdd\u5bc6",
    "blood": "O\u578b",
    "nation": "\u4fdd\u5bc6",
    "profession": "\u901a\u4fe1/\u7535\u5b50",
    "house": "\u4fdd\u5bc6",
    "school": "\u4fdd\u5bc6",
    "children": "\u4fdd\u5bc6"
  },
  {
    "id": "10950421",
    "addr": "\u6d59\u6c5f\u676d\u5dde",
    "weight": 73,
    "constellation": "\u6c34\u74f6\u5ea7",
    "blood": "O\u578b",
    "nation": "\u6c49\u65cf",
    "profession": "\u6559\u80b2/\u79d1\u7814",
    "house": "\u4fdd\u5bc6",
    "school": "\u4fdd\u5bc6",
    "children": "\u6ca1\u6709"
  },
  {
    "id": "330545",
    "addr": "\u8862\u5dde\u8862\u5dde",
    "weight": 165,
    "constellation": "\u4fdd\u5bc6",
    "blood": "O\u578b",
    "nation": "\u4fdd\u5bc6",
    "profession": "\u5efa\u7b51/\u623f\u5730\u4ea7",
    "house": "\u4fdd\u5bc6",
    "school": "\u4fdd\u5bc6",
    "children": "\u4fdd\u5bc6"
  },
  {
    "id": "11004138",
    "addr": "\u4fdd\u5bc6",
    "weight": "\u4fdd\u5bc6",
    "constellation": "\u4fdd\u5bc6",
    "blood": "O\u578b",
    "nation": "\u4fdd\u5bc6",
    "profession": "\u4fdd\u5bc6",
    "house": "\u4fdd\u5bc6",
    "school": "\u4fdd\u5bc6",
    "children": "\u4fdd\u5bc6"
  },
  {
    "id": "11004200",
    "addr": "\u6e56\u5357\u8861\u9633",
    "weight": 116,
    "constellation": "\u5de8\u87f9\u5ea7",
    "blood": "A\u578b",
    "nation": "\u6c49\u65cf",
    "profession": "\u5efa\u7b51/\u623f\u5730\u4ea7",
    "house": "\u4fdd\u5bc6",
    "school": "\u4fdd\u5bc6",
    "children": "\u4fdd\u5bc6"
  },
  {
    "id": "11004244",
    "addr": "\u6c5f\u897f\u629a\u5dde",
    "weight": 51,
    "constellation": "\u4fdd\u5bc6",
    "blood": "O\u578b",
    "nation": "\u4fdd\u5bc6",
    "profession": "\u670d\u52a1\u4e1a",
    "house": "\u79df\u623f",
    "school": "\u4fdd\u5bc6",
    "children": "\u4fdd\u5bc6"
  },
  {
    "id": "11004075",
    "addr": "\u4fdd\u5bc6",
    "weight": "\u4fdd\u5bc6",
    "constellation": "\u4fdd\u5bc6",
    "blood": "O\u578b",
    "nation": "\u4fdd\u5bc6",
    "profession": "\u4fdd\u5bc6",
    "house": "\u4fdd\u5bc6",
    "school": "\u4fdd\u5bc6",
    "children": "\u4fdd\u5bc6"
  },
  {
    "id": "11003993",
    "addr": "\u4fdd\u5bc6",
    "weight": "\u4fdd\u5bc6",
    "constellation": "\u4fdd\u5bc6",
    "blood": "O\u578b",
    "nation": "\u4fdd\u5bc6",
    "profession": "\u4fdd\u5bc6",
    "house": "\u4fdd\u5bc6",
    "school": "\u4fdd\u5bc6",
    "children": "\u4fdd\u5bc6"
  },
  {
    "id": "11004008",
    "addr": "\u8bf7\u9009\u62e9",
    "weight": 52,
    "constellation": "\u5929\u874e\u5ea7",
    "blood": "O\u578b",
    "nation": "\u6c49\u65cf",
    "profession": "\u5ba2\u6237\u670d\u52a1",
    "house": "\u79df\u623f",
    "school": "\u4fdd\u5bc6",
    "children": "\u6ca1\u6709"
  },
  {
    "id": "11004017",
    "addr": "\u6d59\u6c5f\u676d\u5dde",
    "weight": 55,
    "constellation": "\u4fdd\u5bc6",
    "blood": "O\u578b",
    "nation": "\u4fdd\u5bc6",
    "profession": "\u519c\u6797\u7267\u6e14",
    "house": "\u79df\u623f",
    "school": "\u4fdd\u5bc6",
    "children": "\u4fdd\u5bc6"
  },
  {
    "id": "11004021",
    "addr": "\u6c5f\u82cf\u8fde\u4e91\u6e2f",
    "weight": 120,
    "constellation": "\u4fdd\u5bc6",
    "blood": "O\u578b",
    "nation": "\u4fdd\u5bc6",
    "profession": "\u751f\u4ea7/\u5236\u9020",
    "house": "\u6253\u7b97\u5a5a\u540e\u8d2d\u623f",
    "school": "\u4fdd\u5bc6",
    "children": "\u4fdd\u5bc6"
  },
  {
    "id": "11004025",
    "addr": "\u6d59\u6c5f\u676d\u5dde",
    "weight": 70,
    "constellation": "\u4fdd\u5bc6",
    "blood": "O\u578b",
    "nation": "\u4fdd\u5bc6",
    "profession": "\u4f20\u5a92/\u827a\u672f",
    "house": "\u5355\u4f4d\u5bbf\u820d",
    "school": "\u4fdd\u5bc6",
    "children": "\u4fdd\u5bc6"
  },
  {
    "id": "11003965",
    "addr": "\u6d59\u6c5f\u676d\u5dde",
    "weight": 52,
    "constellation": "\u4fdd\u5bc6",
    "blood": "O\u578b",
    "nation": "\u4fdd\u5bc6",
    "profession": "\u7269\u6d41/\u4ed3\u50a8",
    "house": "\u79df\u623f",
    "school": "\u4fdd\u5bc6",
    "children": "\u4fdd\u5bc6"
  },
  {
    "id": "11003967",
    "addr": "\u6d59\u6c5f\u676d\u5dde",
    "weight": 53,
    "constellation": "\u4fdd\u5bc6",
    "blood": "O\u578b",
    "nation": "\u4fdd\u5bc6",
    "profession": "\u4fdd\u5bc6",
    "house": "\u4fdd\u5bc6",
    "school": "\u4fdd\u5bc6",
    "children": "\u4fdd\u5bc6"
  },
  {
    "id": "11003966",
    "addr": "\u9ed1\u9f99\u6c5f\u54c8\u5c14\u6ee8",
    "weight": 52,
    "constellation": "\u4fdd\u5bc6",
    "blood": "O\u578b",
    "nation": "\u4fdd\u5bc6",
    "profession": "\u5176\u4ed6\u884c\u4e1a",
    "house": "\u5355\u4f4d\u5bbf\u820d",
    "school": "\u4fdd\u5bc6",
    "children": "\u4fdd\u5bc6"
  },
  {
    "id": "11004058",
    "addr": "\u6d59\u6c5f\u7ecd\u5174",
    "weight": "\u4fdd\u5bc6",
    "constellation": "\u4fdd\u5bc6",
    "blood": "O\u578b",
    "nation": "\u4fdd\u5bc6",
    "profession": "\u81ea\u7531\u804c\u4e1a",
    "house": "\u4fdd\u5bc6",
    "school": "\u4fdd\u5bc6",
    "children": "\u4fdd\u5bc6"
  },
  {
    "id": "11004061",
    "addr": "\u5e7f\u4e1c\u4e91\u6d6e",
    "weight": 53,
    "constellation": "\u4fdd\u5bc6",
    "blood": "O\u578b",
    "nation": "\u4fdd\u5bc6",
    "profession": "\u5f85\u4e1a",
    "house": "\u548c\u5bb6\u4eba\u540c\u4f4f",
    "school": "\u4fdd\u5bc6",
    "children": "\u4fdd\u5bc6"
  },
  {
    "id": "11003890",
    "addr": "\u5c71\u4e1c\u6ee8\u5dde",
    "weight": 70,
    "constellation": "\u4fdd\u5bc6",
    "blood": "O\u578b",
    "nation": "\u6c49\u65cf",
    "profession": "\u5176\u4ed6\u884c\u4e1a",
    "house": "\u5df2\u8d2d\u623f",
    "school": "\u4fdd\u5bc6",
    "children": "\u4fdd\u5bc6"
  },
  {
    "id": "11003880",
    "addr": "\u91cd\u5e86\u9ed4\u6c5f\u533a",
    "weight": 53,
    "constellation": "\u4fdd\u5bc6",
    "blood": "O\u578b",
    "nation": "\u4fdd\u5bc6",
    "profession": "\u670d\u52a1\u4e1a",
    "house": "\u79df\u623f",
    "school": "\u4fdd\u5bc6",
    "children": "\u4fdd\u5bc6"
  },
  {
    "id": "11003830",
    "addr": "\u4fdd\u5bc6",
    "weight": "\u4fdd\u5bc6",
    "constellation": "\u4fdd\u5bc6",
    "blood": "O\u578b",
    "nation": "\u4fdd\u5bc6",
    "profession": "\u4eba\u4e8b/\u884c\u653f",
    "house": "\u79df\u623f",
    "school": "\u4fdd\u5bc6",
    "children": "\u6ca1\u6709"
  },
  {
    "id": "11003832",
    "addr": "\u6d59\u6c5f\u53f0\u5dde",
    "weight": 47,
    "constellation": "\u5929\u79e4\u5ea7",
    "blood": "O\u578b",
    "nation": "\u6c49\u65cf",
    "profession": "\u8d22\u4f1a/\u5ba1\u8ba1",
    "house": "\u4fdd\u5bc6",
    "school": "\u4fdd\u5bc6",
    "children": "\u4fdd\u5bc6"
  },
  {
    "id": "10957756",
    "addr": "\u6d59\u6c5f\u676d\u5dde",
    "weight": 60,
    "constellation": "\u4fdd\u5bc6",
    "blood": "O\u578b",
    "nation": "\u4fdd\u5bc6",
    "profession": "\u8ba1\u7b97\u673a/\u4e92\u8054\u7f51",
    "house": "\u6253\u7b97\u5a5a\u540e\u8d2d\u623f",
    "school": "\u4fdd\u5bc6",
    "children": "\u4fdd\u5bc6"
  },
  {
    "id": "11003087",
    "addr": "\u6d59\u6c5f\u91d1\u534e",
    "weight": 58,
    "constellation": "\u4fdd\u5bc6",
    "blood": "O\u578b",
    "nation": "\u4fdd\u5bc6",
    "profession": "\u6cd5\u5f8b",
    "house": "\u5df2\u8d2d\u623f",
    "school": "\u4fdd\u5bc6",
    "children": "\u4fdd\u5bc6"
  },
  {
    "id": "11003795",
    "addr": "\u4fdd\u5bc6",
    "weight": "\u4fdd\u5bc6",
    "constellation": "\u4fdd\u5bc6",
    "blood": "O\u578b",
    "nation": "\u4fdd\u5bc6",
    "profession": "\u4fdd\u5bc6",
    "house": "\u4fdd\u5bc6",
    "school": "\u4fdd\u5bc6",
    "children": "\u4fdd\u5bc6"
  },
  {
    "id": "11003117",
    "addr": "\u6d59\u6c5f\u676d\u5dde",
    "weight": 90,
    "constellation": "\u4fdd\u5bc6",
    "blood": "O\u578b",
    "nation": "\u4fdd\u5bc6",
    "profession": "\u653f\u5e9c\u673a\u6784",
    "house": "\u5df2\u8d2d\u623f",
    "school": "\u4fdd\u5bc6",
    "children": "\u4fdd\u5bc6"
  },
  {
    "id": "11003782",
    "addr": "\u6d59\u6c5f\u676d\u5dde",
    "weight": 49,
    "constellation": "\u4fdd\u5bc6",
    "blood": "O\u578b",
    "nation": "\u4fdd\u5bc6",
    "profession": "\u6559\u80b2/\u79d1\u7814",
    "house": "\u4fdd\u5bc6",
    "school": "\u4fdd\u5bc6",
    "children": "\u4fdd\u5bc6"
  },
  {
    "id": "11003082",
    "addr": "\u6d59\u6c5f\u676d\u5dde",
    "weight": 63,
    "constellation": "\u4fdd\u5bc6",
    "blood": "O\u578b",
    "nation": "\u4fdd\u5bc6",
    "profession": "\u9500\u552e",
    "house": "\u548c\u5bb6\u4eba\u540c\u4f4f",
    "school": "\u4fdd\u5bc6",
    "children": "\u4fdd\u5bc6"
  },
  {
    "id": "11003757",
    "addr": "\u4fdd\u5bc6",
    "weight": "\u4fdd\u5bc6",
    "constellation": "\u4fdd\u5bc6",
    "blood": "O\u578b",
    "nation": "\u4fdd\u5bc6",
    "profession": "\u4fdd\u5bc6",
    "house": "\u4fdd\u5bc6",
    "school": "\u4fdd\u5bc6",
    "children": "\u4fdd\u5bc6"
  },
  {
    "id": "11003677",
    "addr": "\u6d59\u6c5f\u676d\u5dde",
    "weight": "\u4fdd\u5bc6",
    "constellation": "\u4fdd\u5bc6",
    "blood": "O\u578b",
    "nation": "\u4fdd\u5bc6",
    "profession": "\u533b\u7597/\u62a4\u7406",
    "house": "\u4fdd\u5bc6",
    "school": "\u4fdd\u5bc6",
    "children": "\u4fdd\u5bc6"
  },
  {
    "id": "11003102",
    "addr": "\u6c5f\u897f\u4e5d\u6c5f",
    "weight": 56,
    "constellation": "\u4fdd\u5bc6",
    "blood": "O\u578b",
    "nation": "\u4fdd\u5bc6",
    "profession": "\u8ba1\u7b97\u673a/\u4e92\u8054\u7f51",
    "house": "\u79df\u623f",
    "school": "\u4fdd\u5bc6",
    "children": "\u4fdd\u5bc6"
  },
  {
    "id": "11003119",
    "addr": "\u5b89\u5fbd\u5ba3\u57ce",
    "weight": 75,
    "constellation": "\u4fdd\u5bc6",
    "blood": "O\u578b",
    "nation": "\u4fdd\u5bc6",
    "profession": "\u8ba1\u7b97\u673a/\u4e92\u8054\u7f51",
    "house": "\u79df\u623f",
    "school": "\u4fdd\u5bc6",
    "children": "\u4fdd\u5bc6"
  },
  {
    "id": "11003813",
    "addr": "\u4fdd\u5bc6",
    "weight": "\u4fdd\u5bc6",
    "constellation": "\u4fdd\u5bc6",
    "blood": "O\u578b",
    "nation": "\u4fdd\u5bc6",
    "profession": "\u4fdd\u5bc6",
    "house": "\u4fdd\u5bc6",
    "school": "\u4fdd\u5bc6",
    "children": "\u4fdd\u5bc6"
  },
  {
    "id": "11003712",
    "addr": "\u5b89\u5fbd\u6ec1\u5dde",
    "weight": 80,
    "constellation": "\u5929\u874e\u5ea7",
    "blood": "\u4fdd\u5bc6",
    "nation": "\u6c49\u65cf",
    "profession": "\u8ba1\u7b97\u673a/\u4e92\u8054\u7f51",
    "house": "\u5df2\u8d2d\u623f",
    "school": "\u4fdd\u5bc6",
    "children": "\u6ca1\u6709"
  },
  {
    "id": "11003697",
    "addr": "\u8d35\u5dde\u9ed4\u4e1c\u5357\u82d7\u65cf\u4f97\u65cf\u81ea\u6cbb\u5dde",
    "weight": 96,
    "constellation": "\u4fdd\u5bc6",
    "blood": "O\u578b",
    "nation": "\u82d7\u65cf",
    "profession": "\u81ea\u7531\u804c\u4e1a",
    "house": "\u548c\u5bb6\u4eba\u540c\u4f4f",
    "school": "\u4fdd\u5bc6",
    "children": "\u4fdd\u5bc6"
  },
  {
    "id": "11003491",
    "addr": "\u6d59\u6c5f\u676d\u5dde",
    "weight": 51,
    "constellation": "\u4fdd\u5bc6",
    "blood": "O\u578b",
    "nation": "\u4fdd\u5bc6",
    "profession": "\u8ba1\u7b97\u673a/\u4e92\u8054\u7f51",
    "house": "\u79df\u623f",
    "school": "\u4fdd\u5bc6",
    "children": "\u4fdd\u5bc6"
  },
  {
    "id": "11003578",
    "addr": "\u5c71\u897f\u592a\u539f",
    "weight": 55,
    "constellation": "\u4fdd\u5bc6",
    "blood": "O\u578b",
    "nation": "\u4fdd\u5bc6",
    "profession": "\u6559\u80b2/\u79d1\u7814",
    "house": "\u79df\u623f",
    "school": "\u4fdd\u5bc6",
    "children": "\u4fdd\u5bc6"
  },
  {
    "id": "11003508",
    "addr": "\u4fdd\u5bc6",
    "weight": "\u4fdd\u5bc6",
    "constellation": "\u4fdd\u5bc6",
    "blood": "O\u578b",
    "nation": "\u4fdd\u5bc6",
    "profession": "\u4fdd\u5bc6",
    "house": "\u4fdd\u5bc6",
    "school": "\u4fdd\u5bc6",
    "children": "\u6ca1\u6709"
  },
  {
    "id": "11003497",
    "addr": "\u6d59\u6c5f\u5609\u5174",
    "weight": 45,
    "constellation": "\u4fdd\u5bc6",
    "blood": "O\u578b",
    "nation": "\u4fdd\u5bc6",
    "profession": "\u5176\u4ed6\u884c\u4e1a",
    "house": "\u79df\u623f",
    "school": "\u4fdd\u5bc6",
    "children": "\u4fdd\u5bc6"
  },
  {
    "id": "11003448",
    "addr": "\u6c5f\u82cf\u5bbf\u8fc1",
    "weight": 50,
    "constellation": "\u4fdd\u5bc6",
    "blood": "O\u578b",
    "nation": "\u4fdd\u5bc6",
    "profession": "\u4eba\u4e8b/\u884c\u653f",
    "house": "\u548c\u5bb6\u4eba\u540c\u4f4f",
    "school": "\u4fdd\u5bc6",
    "children": "\u4fdd\u5bc6"
  },
  {
    "id": "11003450",
    "addr": "\u6d59\u6c5f\u5609\u5174",
    "weight": 61,
    "constellation": "\u4fdd\u5bc6",
    "blood": "O\u578b",
    "nation": "\u4fdd\u5bc6",
    "profession": "\u533b\u7597/\u62a4\u7406",
    "house": "\u79df\u623f",
    "school": "\u4fdd\u5bc6",
    "children": "\u4fdd\u5bc6"
  },
  {
    "id": "11003067",
    "addr": "\u6d59\u6c5f\u676d\u5dde",
    "weight": "\u4fdd\u5bc6",
    "constellation": "\u4fdd\u5bc6",
    "blood": "O\u578b",
    "nation": "\u6c49\u65cf",
    "profession": "\u6559\u80b2/\u79d1\u7814",
    "house": "\u4fdd\u5bc6",
    "school": "\u4fdd\u5bc6",
    "children": "\u4fdd\u5bc6"
  },
  {
    "id": "11003010",
    "addr": "\u5b89\u5fbd\u6ec1\u5dde",
    "weight": 52,
    "constellation": "\u4fdd\u5bc6",
    "blood": "O\u578b",
    "nation": "\u4fdd\u5bc6",
    "profession": "\u6559\u80b2/\u79d1\u7814",
    "house": "\u5df2\u8d2d\u623f",
    "school": "\u4fdd\u5bc6",
    "children": "\u4fdd\u5bc6"
  },
  {
    "id": "10576818",
    "addr": "\u6d59\u6c5f\u6e56\u5dde",
    "weight": 59,
    "constellation": "\u4fdd\u5bc6",
    "blood": "O\u578b",
    "nation": "\u4fdd\u5bc6",
    "profession": "\u9500\u552e",
    "house": "\u79df\u623f",
    "school": "\u4fdd\u5bc6",
    "children": "\u4fdd\u5bc6"
  },
  {
    "id": "11003410",
    "addr": "\u6d59\u6c5f\u676d\u5dde",
    "weight": "\u4fdd\u5bc6",
    "constellation": "\u4fdd\u5bc6",
    "blood": "O\u578b",
    "nation": "\u4fdd\u5bc6",
    "profession": "\u4fdd\u5bc6",
    "house": "\u4fdd\u5bc6",
    "school": "\u4fdd\u5bc6",
    "children": "\u4fdd\u5bc6"
  },
  {
    "id": "11003104",
    "addr": "\u6d59\u6c5f\u53f0\u5dde",
    "weight": 83,
    "constellation": "\u4fdd\u5bc6",
    "blood": "O\u578b",
    "nation": "\u4fdd\u5bc6",
    "profession": "\u9500\u552e",
    "house": "\u79df\u623f",
    "school": "\u4fdd\u5bc6",
    "children": "\u4fdd\u5bc6"
  },
  {
    "id": "11003100",
    "addr": "\u6d59\u6c5f\u676d\u5dde",
    "weight": 60,
    "constellation": "\u4fdd\u5bc6",
    "blood": "O\u578b",
    "nation": "\u4fdd\u5bc6",
    "profession": "\u519b\u4eba/\u8b66\u5bdf",
    "house": "\u5355\u4f4d\u5bbf\u820d",
    "school": "\u4fdd\u5bc6",
    "children": "\u4fdd\u5bc6"
  },
  {
    "id": "11003098",
    "addr": "\u6d59\u6c5f\u676d\u5dde",
    "weight": 48,
    "constellation": "\u4fdd\u5bc6",
    "blood": "O\u578b",
    "nation": "\u4fdd\u5bc6",
    "profession": "\u81ea\u7531\u804c\u4e1a",
    "house": "\u5355\u4f4d\u5bbf\u820d",
    "school": "\u4fdd\u5bc6",
    "children": "\u4fdd\u5bc6"
  },
  {
    "id": "11003053",
    "addr": "\u6d59\u6c5f\u676d\u5dde",
    "weight": 50,
    "constellation": "\u4fdd\u5bc6",
    "blood": "O\u578b",
    "nation": "\u4fdd\u5bc6",
    "profession": "\u670d\u52a1\u4e1a",
    "house": "\u5355\u4f4d\u5bbf\u820d",
    "school": "\u4fdd\u5bc6",
    "children": "\u4fdd\u5bc6"
  },
  {
    "id": "11003290",
    "addr": "\u6cb3\u5357\u5357\u9633",
    "weight": 53,
    "constellation": "\u4fdd\u5bc6",
    "blood": "O\u578b",
    "nation": "\u4fdd\u5bc6",
    "profession": "\u9500\u552e",
    "house": "\u79df\u623f",
    "school": "\u4fdd\u5bc6",
    "children": "\u4fdd\u5bc6"
  },
  {
    "id": "10989835",
    "addr": "\u6d59\u6c5f\u676d\u5dde",
    "weight": 53,
    "constellation": "\u4fdd\u5bc6",
    "blood": "O\u578b",
    "nation": "\u6c49\u65cf",
    "profession": "\u5546\u8d38/\u91c7\u8d2d",
    "house": "\u79df\u623f",
    "school": "\u4fdd\u5bc6",
    "children": "\u6ca1\u6709"
  },
  {
    "id": "11003222",
    "addr": "\u6d59\u6c5f\u676d\u5dde",
    "weight": "\u4fdd\u5bc6",
    "constellation": "\u4fdd\u5bc6",
    "blood": "O\u578b",
    "nation": "\u4fdd\u5bc6",
    "profession": "\u4fdd\u5bc6",
    "house": "\u4fdd\u5bc6",
    "school": "\u4fdd\u5bc6",
    "children": "\u4fdd\u5bc6"
  },
  {
    "id": "11003092",
    "addr": "\u6d59\u6c5f\u676d\u5dde",
    "weight": 90,
    "constellation": "\u4fdd\u5bc6",
    "blood": "O\u578b",
    "nation": "\u4fdd\u5bc6",
    "profession": "\u5efa\u7b51/\u623f\u5730\u4ea7",
    "house": "\u548c\u5bb6\u4eba\u540c\u4f4f",
    "school": "\u4fdd\u5bc6",
    "children": "\u4fdd\u5bc6"
  },
  {
    "id": "11003058",
    "addr": "\u798f\u5efa",
    "weight": 51,
    "constellation": "\u4fdd\u5bc6",
    "blood": "A\u578b",
    "nation": "\u6c49\u65cf",
    "profession": "\u9500\u552e",
    "house": "\u548c\u5bb6\u4eba\u540c\u4f4f",
    "school": "\u4fdd\u5bc6",
    "children": "\u6ca1\u6709"
  },
  {
    "id": "11002856",
    "addr": "\u6d59\u6c5f\u676d\u5dde",
    "weight": 48,
    "constellation": "\u4fdd\u5bc6",
    "blood": "O\u578b",
    "nation": "\u4fdd\u5bc6",
    "profession": "\u5176\u4ed6\u884c\u4e1a",
    "house": "\u548c\u5bb6\u4eba\u540c\u4f4f",
    "school": "\u4fdd\u5bc6",
    "children": "\u4fdd\u5bc6"
  },
  {
    "id": "11002586",
    "addr": "\u6d59\u6c5f\u676d\u5dde",
    "weight": 58,
    "constellation": "\u4fdd\u5bc6",
    "blood": "O\u578b",
    "nation": "\u4fdd\u5bc6",
    "profession": "\u5f85\u4e1a",
    "house": "\u5355\u4f4d\u5bbf\u820d",
    "school": "\u4fdd\u5bc6",
    "children": "\u4fdd\u5bc6"
  },
  {
    "id": "11002980",
    "addr": "\u6d59\u6c5f\u676d\u5dde",
    "weight": 62,
    "constellation": "\u4fdd\u5bc6",
    "blood": "O\u578b",
    "nation": "\u4fdd\u5bc6",
    "profession": "\u5efa\u7b51/\u623f\u5730\u4ea7",
    "house": "\u548c\u5bb6\u4eba\u540c\u4f4f",
    "school": "\u4fdd\u5bc6",
    "children": "\u4fdd\u5bc6"
  },
  {
    "id": "11002896",
    "addr": "\u5b89\u5fbd\u961c\u9633",
    "weight": 58,
    "constellation": "\u4fdd\u5bc6",
    "blood": "O\u578b",
    "nation": "\u4fdd\u5bc6",
    "profession": "\u5176\u4ed6\u884c\u4e1a",
    "house": "\u79df\u623f",
    "school": "\u4fdd\u5bc6",
    "children": "\u4fdd\u5bc6"
  },
  {
    "id": "11002899",
    "addr": "\u5e7f\u897f\u8d35\u6e2f",
    "weight": 44,
    "constellation": "\u4fdd\u5bc6",
    "blood": "O\u578b",
    "nation": "\u4fdd\u5bc6",
    "profession": "\u901a\u4fe1/\u7535\u5b50",
    "house": "\u79df\u623f",
    "school": "\u4fdd\u5bc6",
    "children": "\u4fdd\u5bc6"
  },
  {
    "id": "11002901",
    "addr": "\u6e56\u5357\u8861\u9633",
    "weight": 68,
    "constellation": "\u4fdd\u5bc6",
    "blood": "O\u578b",
    "nation": "\u4fdd\u5bc6",
    "profession": "\u8ba1\u7b97\u673a/\u4e92\u8054\u7f51",
    "house": "\u79df\u623f",
    "school": "\u4fdd\u5bc6",
    "children": "\u4fdd\u5bc6"
  },
  {
    "id": "11002894",
    "addr": "\u8d35\u5dde\u8d35\u9633",
    "weight": 61,
    "constellation": "\u4fdd\u5bc6",
    "blood": "O\u578b",
    "nation": "\u4fdd\u5bc6",
    "profession": "\u5728\u6821\u5b66\u751f",
    "house": "\u548c\u5bb6\u4eba\u540c\u4f4f",
    "school": "\u4fdd\u5bc6",
    "children": "\u4fdd\u5bc6"
  },
  {
    "id": "11002922",
    "addr": "\u5e7f\u4e1c\u63ed\u9633",
    "weight": 55,
    "constellation": "\u4fdd\u5bc6",
    "blood": "O\u578b",
    "nation": "\u4fdd\u5bc6",
    "profession": "\u9500\u552e",
    "house": "\u79df\u623f",
    "school": "\u4fdd\u5bc6",
    "children": "\u4fdd\u5bc6"
  },
  {
    "id": "11002971",
    "addr": "\u8d35\u5dde\u5b89\u987a",
    "weight": 64,
    "constellation": "\u4fdd\u5bc6",
    "blood": "O\u578b",
    "nation": "\u4fdd\u5bc6",
    "profession": "\u519b\u4eba/\u8b66\u5bdf",
    "house": "\u548c\u5bb6\u4eba\u540c\u4f4f",
    "school": "\u4fdd\u5bc6",
    "children": "\u4fdd\u5bc6"
  },
  {
    "id": "11003003",
    "addr": "\u6d59\u6c5f\u6e29\u5dde",
    "weight": 68,
    "constellation": "\u4fdd\u5bc6",
    "blood": "O\u578b",
    "nation": "\u6c49\u65cf",
    "profession": "\u8ba1\u7b97\u673a/\u4e92\u8054\u7f51",
    "house": "\u79df\u623f",
    "school": "\u4fdd\u5bc6",
    "children": "\u4fdd\u5bc6"
  },
  {
    "id": "11001568",
    "addr": "\u6c5f\u897f\u4e0a\u9976",
    "weight": "\u4fdd\u5bc6",
    "constellation": "\u4fdd\u5bc6",
    "blood": "O\u578b",
    "nation": "\u4fdd\u5bc6",
    "profession": "\u751f\u4ea7/\u5236\u9020",
    "house": "\u4fdd\u5bc6",
    "school": "\u4fdd\u5bc6",
    "children": "\u4fdd\u5bc6"
  },
  {
    "id": "11002831",
    "addr": "\u6d59\u6c5f\u676d\u5dde",
    "weight": 53,
    "constellation": "\u4fdd\u5bc6",
    "blood": "O\u578b",
    "nation": "\u4fdd\u5bc6",
    "profession": "\u6559\u80b2/\u79d1\u7814",
    "house": "\u79df\u623f",
    "school": "\u4fdd\u5bc6",
    "children": "\u4fdd\u5bc6"
  },
  {
    "id": "11002777",
    "addr": "\u6e56\u5317\u5b9c\u660c",
    "weight": 90,
    "constellation": "\u4fdd\u5bc6",
    "blood": "O\u578b",
    "nation": "\u6c49\u65cf",
    "profession": "\u751f\u7269/\u5236\u836f",
    "house": "\u5355\u4f4d\u5bbf\u820d",
    "school": "\u4fdd\u5bc6",
    "children": "\u4fdd\u5bc6"
  },
  {
    "id": "11002794",
    "addr": "\u4fdd\u5bc6",
    "weight": "\u4fdd\u5bc6",
    "constellation": "\u4fdd\u5bc6",
    "blood": "O\u578b",
    "nation": "\u4fdd\u5bc6",
    "profession": "\u81ea\u7531\u804c\u4e1a",
    "house": "\u548c\u5bb6\u4eba\u540c\u4f4f",
    "school": "\u4fdd\u5bc6",
    "children": "\u4fdd\u5bc6"
  },
  {
    "id": "11002081",
    "addr": "\u6d59\u6c5f\u676d\u5dde",
    "weight": "\u4fdd\u5bc6",
    "constellation": "\u4fdd\u5bc6",
    "blood": "O\u578b",
    "nation": "\u4fdd\u5bc6",
    "profession": "\u4fdd\u5bc6",
    "house": "\u4fdd\u5bc6",
    "school": "\u4fdd\u5bc6",
    "children": "\u4fdd\u5bc6"
  },
  {
    "id": "11002641",
    "addr": "\u6cb3\u5317\u77f3\u5bb6\u5e84",
    "weight": 55,
    "constellation": "\u4fdd\u5bc6",
    "blood": "O\u578b",
    "nation": "\u4fdd\u5bc6",
    "profession": "\u5728\u6821\u5b66\u751f",
    "house": "\u5355\u4f4d\u5bbf\u820d",
    "school": "\u4fdd\u5bc6",
    "children": "\u4fdd\u5bc6"
  },
  {
    "id": "11002090",
    "addr": "\u5b89\u5fbd\u5b89\u5e86",
    "weight": 47,
    "constellation": "\u4fdd\u5bc6",
    "blood": "O\u578b",
    "nation": "\u4fdd\u5bc6",
    "profession": "\u8ba1\u7b97\u673a/\u4e92\u8054\u7f51",
    "house": "\u79df\u623f",
    "school": "\u4fdd\u5bc6",
    "children": "\u4fdd\u5bc6"
  },
  {
    "id": "11002184",
    "addr": "\u6d59\u6c5f\u676d\u5dde",
    "weight": 50,
    "constellation": "\u4fdd\u5bc6",
    "blood": "O\u578b",
    "nation": "\u4fdd\u5bc6",
    "profession": "\u9ad8\u7ea7\u7ba1\u7406",
    "house": "\u548c\u5bb6\u4eba\u540c\u4f4f",
    "school": "\u4fdd\u5bc6",
    "children": "\u4fdd\u5bc6"
  },
  {
    "id": "11001870",
    "addr": "\u6d59\u6c5f\u676d\u5dde",
    "weight": "\u4fdd\u5bc6",
    "constellation": "\u4fdd\u5bc6",
    "blood": "O\u578b",
    "nation": "\u4fdd\u5bc6",
    "profession": "\u4fdd\u5bc6",
    "house": "\u4fdd\u5bc6",
    "school": "\u4fdd\u5bc6",
    "children": "\u4fdd\u5bc6"
  },
  {
    "id": "11002576",
    "addr": "\u6d59\u6c5f\u676d\u5dde",
    "weight": "\u4fdd\u5bc6",
    "constellation": "\u4fdd\u5bc6",
    "blood": "O\u578b",
    "nation": "\u6c49\u65cf",
    "profession": "\u751f\u4ea7/\u5236\u9020",
    "house": "\u5df2\u8d2d\u623f",
    "school": "\u4fdd\u5bc6",
    "children": "\u4fdd\u5bc6"
  },
  {
    "id": "11002606",
    "addr": "\u8fbd\u5b81\u846b\u82a6\u5c9b",
    "weight": 43,
    "constellation": "\u4fdd\u5bc6",
    "blood": "O\u578b",
    "nation": "\u6c49\u65cf",
    "profession": "\u6559\u80b2/\u79d1\u7814",
    "house": "\u4fdd\u5bc6",
    "school": "\u4fdd\u5bc6",
    "children": "\u4fdd\u5bc6"
  },
  {
    "id": "11002551",
    "addr": "\u4fdd\u5bc6",
    "weight": "\u4fdd\u5bc6",
    "constellation": "\u4fdd\u5bc6",
    "blood": "O\u578b",
    "nation": "\u4fdd\u5bc6",
    "profession": "\u9ad8\u7ea7\u7ba1\u7406",
    "house": "\u4fdd\u5bc6",
    "school": "\u4fdd\u5bc6",
    "children": "\u4fdd\u5bc6"
  },
  {
    "id": "11002517",
    "addr": "\u5e7f\u897f\u67f3\u5dde",
    "weight": 46,
    "constellation": "\u4fdd\u5bc6",
    "blood": "O\u578b",
    "nation": "\u4fdd\u5bc6",
    "profession": "\u9500\u552e",
    "house": "\u79df\u623f",
    "school": "\u4fdd\u5bc6",
    "children": "\u4fdd\u5bc6"
  },
  {
    "id": "11002399",
    "addr": "\u6e56\u5317",
    "weight": 73,
    "constellation": "\u4fdd\u5bc6",
    "blood": "O\u578b",
    "nation": "\u6c49\u65cf",
    "profession": "\u5ba2\u6237\u670d\u52a1",
    "house": "\u6253\u7b97\u5a5a\u540e\u8d2d\u623f",
    "school": "\u4fdd\u5bc6",
    "children": "\u4fdd\u5bc6"
  },
  {
    "id": "11002300",
    "addr": "\u4fdd\u5bc6",
    "weight": 70,
    "constellation": "\u4fdd\u5bc6",
    "blood": "O\u578b",
    "nation": "\u6c49\u65cf",
    "profession": "\u8ba1\u7b97\u673a/\u4e92\u8054\u7f51",
    "house": "\u4fdd\u5bc6",
    "school": "\u4fdd\u5bc6",
    "children": "\u4fdd\u5bc6"
  },
  {
    "id": "11002311",
    "addr": "\u9655\u897f\u897f\u5b89",
    "weight": 63,
    "constellation": "\u4fdd\u5bc6",
    "blood": "O\u578b",
    "nation": "\u4fdd\u5bc6",
    "profession": "\u8ba1\u7b97\u673a/\u4e92\u8054\u7f51",
    "house": "\u79df\u623f",
    "school": "\u4fdd\u5bc6",
    "children": "\u4fdd\u5bc6"
  },
  {
    "id": "10658611",
    "addr": "\u6d59\u6c5f\u6e29\u5dde",
    "weight": 50,
    "constellation": "\u4fdd\u5bc6",
    "blood": "O\u578b",
    "nation": "\u4fdd\u5bc6",
    "profession": "\u8d22\u4f1a/\u5ba1\u8ba1",
    "house": "\u5df2\u8d2d\u623f",
    "school": "\u4fdd\u5bc6",
    "children": "\u4fdd\u5bc6"
  },
  {
    "id": "11002019",
    "addr": "\u6d59\u6c5f\u676d\u5dde",
    "weight": 52,
    "constellation": "\u4fdd\u5bc6",
    "blood": "O\u578b",
    "nation": "\u4fdd\u5bc6",
    "profession": "\u91d1\u878d/\u94f6\u884c/\u4fdd\u9669",
    "house": "\u548c\u5bb6\u4eba\u540c\u4f4f",
    "school": "\u4fdd\u5bc6",
    "children": "\u4fdd\u5bc6"
  },
  {
    "id": "10937422",
    "addr": "\u8bf7\u9009\u62e9",
    "weight": 45,
    "constellation": "\u767d\u7f8a\u5ea7",
    "blood": "O\u578b",
    "nation": "\u6c49\u65cf",
    "profession": "\u4fdd\u5bc6",
    "house": "\u79df\u623f",
    "school": "\u4fdd\u5bc6",
    "children": "\u6ca1\u6709"
  },
  {
    "id": "11002183",
    "addr": "\u4fdd\u5bc6",
    "weight": "\u4fdd\u5bc6",
    "constellation": "\u4fdd\u5bc6",
    "blood": "O\u578b",
    "nation": "\u4fdd\u5bc6",
    "profession": "\u4fdd\u5bc6",
    "house": "\u4fdd\u5bc6",
    "school": "\u4fdd\u5bc6",
    "children": "\u4fdd\u5bc6"
  },
  {
    "id": "11002094",
    "addr": "\u6d59\u6c5f\u676d\u5dde",
    "weight": 53,
    "constellation": "\u4fdd\u5bc6",
    "blood": "O\u578b",
    "nation": "\u4fdd\u5bc6",
    "profession": "\u9500\u552e",
    "house": "\u79df\u623f",
    "school": "\u4fdd\u5bc6",
    "children": "\u4fdd\u5bc6"
  },
  {
    "id": "11001960",
    "addr": "\u6cb3\u5317\u77f3\u5bb6\u5e84",
    "weight": 58,
    "constellation": "\u4fdd\u5bc6",
    "blood": "O\u578b",
    "nation": "\u4fdd\u5bc6",
    "profession": "\u8ba1\u7b97\u673a/\u4e92\u8054\u7f51",
    "house": "\u5df2\u8d2d\u623f",
    "school": "\u4fdd\u5bc6",
    "children": "\u4fdd\u5bc6"
  },
  {
    "id": "11002230",
    "addr": "\u4fdd\u5bc6",
    "weight": "\u4fdd\u5bc6",
    "constellation": "\u4fdd\u5bc6",
    "blood": "O\u578b",
    "nation": "\u4fdd\u5bc6",
    "profession": "\u4fdd\u5bc6",
    "house": "\u4fdd\u5bc6",
    "school": "\u4fdd\u5bc6",
    "children": "\u4fdd\u5bc6"
  },
  {
    "id": "11002133",
    "addr": "\u6c5f\u82cf\u5e38\u5dde",
    "weight": 75,
    "constellation": "\u53cc\u9c7c\u5ea7",
    "blood": "B\u578b",
    "nation": "\u6c49\u65cf",
    "profession": "\u751f\u4ea7/\u5236\u9020",
    "house": "\u548c\u5bb6\u4eba\u540c\u4f4f",
    "school": "\u4fdd\u5bc6",
    "children": "\u6ca1\u6709"
  },
  {
    "id": "11002107",
    "addr": "\u4fdd\u5bc6",
    "weight": "\u4fdd\u5bc6",
    "constellation": "\u4fdd\u5bc6",
    "blood": "O\u578b",
    "nation": "\u4fdd\u5bc6",
    "profession": "\u4fdd\u5bc6",
    "house": "\u4fdd\u5bc6",
    "school": "\u4fdd\u5bc6",
    "children": "\u4fdd\u5bc6"
  },
  {
    "id": "11001308",
    "addr": "\u6d59\u6c5f\u676d\u5dde",
    "weight": 69,
    "constellation": "\u4fdd\u5bc6",
    "blood": "O\u578b",
    "nation": "\u4fdd\u5bc6",
    "profession": "\u9500\u552e",
    "house": "\u5355\u4f4d\u5bbf\u820d",
    "school": "\u4fdd\u5bc6",
    "children": "\u4fdd\u5bc6"
  },
  {
    "id": "11001599",
    "addr": "\u6d59\u6c5f\u676d\u5dde",
    "weight": 47,
    "constellation": "\u4fdd\u5bc6",
    "blood": "O\u578b",
    "nation": "\u4fdd\u5bc6",
    "profession": "\u6559\u80b2/\u79d1\u7814",
    "house": "\u548c\u5bb6\u4eba\u540c\u4f4f",
    "school": "\u4fdd\u5bc6",
    "children": "\u4fdd\u5bc6"
  },
  {
    "id": "11001290",
    "addr": "\u6d59\u6c5f\u676d\u5dde",
    "weight": 53,
    "constellation": "\u4fdd\u5bc6",
    "blood": "O\u578b",
    "nation": "\u4fdd\u5bc6",
    "profession": "\u4fdd\u5bc6",
    "house": "\u4fdd\u5bc6",
    "school": "\u4fdd\u5bc6",
    "children": "\u4fdd\u5bc6"
  }
]