[
{"text": ["\u770b\u5b98\uff0c\u6b64\u9875\u9762\u53ea\u4e3a\u722c\u866b\u7ec3\u4e60\u4f7f\u7528\uff0c\u90fd\u662f\u6b8b\u5377\uff0c\u82e5\u559c\u6b22\u53ef\u4ee5\u53bb\u627e\u70b9\u9ad8\u6e05\u7248\uff01"], "author": ["\u4e2d\u56fd\u4f20\u4e16\u540d\u753b"], "href": ["http://lab.scrapyd.cn/archives/57.html"]},
{"text": ["\u4e0b\u9762\u6bcf\u4e00\u5e45\u90fd\u662f\u4e0a\u4ebf\uff1f\u4f60\u9020\u51e0\uff1f"], "author": ["\u5929\u4ef7\u4e16\u754c\u540d\u753b"], "href": ["http://lab.scrapyd.cn/archives/55.html"]},
{"text": ["\u5404\u79cd\u65f6\u4ee3\uff0c\u5404\u56fd\u8bd7\u4eba\uff0c\u4e2a\u6293\u4e2a\u7684\u75d2\u3002scrapy\u4e2d\u6587\u7f51\uff08http://www.scrapyd.cn\uff09\u6574\u7406"], "author": ["\u6728\u5fc3"], "href": ["http://lab.scrapyd.cn/archives/29.html"]},
{"text": ["\u5982\u679c\u4f60\u56e0\u5931\u53bb\u4e86\u592a\u9633\u800c\u6d41\u6cea\uff0c\u90a3\u4e48\u4f60\u4e5f\u5c06\u5931\u53bb\u7fa4\u661f\u4e86\u3002 If you shed tears when you miss the sun, you also miss the stars. scrapy\u4e2d\u6587\u7f51\uff08http://www.scrapyd.cn\uff09\u6574\u7406"], "author": ["\u6cf0\u6208\u5c14"], "href": ["http://lab.scrapyd.cn/archives/28.html"]},
{"text": ["\u795e\u8bdd\uff0c\u662f\u5927\u4eba\u8bf4\u5c0f\u5b69\u7684\u8bdd\uff0c\u8bf4\u7ed9\u5927\u4eba\u542c\u7684\u3002\u591a\u542c\uff0c\u591a\u60f3\uff0c\u4eba\u5f97\u4ee5\u8fd4\u749e\u5f52\u771f\uff01scrapy\u4e2d\u6587\u7f51\uff08http://www.scrapyd.cn\uff09\u6574\u7406"], "author": ["\u6728\u5fc3"], "href": ["http://lab.scrapyd.cn/archives/27.html"]}
]