[
{"href": ["//www.runoob.com/"], "title": ["\u9996\u9875"]},
{"href": ["//www.runoob.com/w3cnote/"], "title": ["\u83dc\u9e1f\u7b14\u8bb0"]},
{"href": ["https://c.runoob.com/"], "title": ["\u83dc\u9e1f\u5de5\u5177"]},
{"href": ["javascript:void(0);"], "title": ["\u53c2\u8003\u624b\u518c"]},
{"href": ["//www.runoob.com/commentslist"], "title": ["\u7528\u6237\u7b14\u8bb0"]},
{"href": ["javascript:void(0);"], "title": ["\u6d4b\u9a8c/\u8003\u8bd5"]},
{"href": ["//www.runoob.com/browser-history"], "title": ["\u672c\u5730\u4e66\u7b7e"]},
{"href": ["javascript:;"], "title": ["\u767b\u5f55"]}
]